age,sexual_attraction_M,sexual_attraction_F,gender_identity_M,gender_identity_F,education_level,sex,handedness,religious_upbringing,religious_now,background_SES,dis-score,score
22.0,7.0,1.0,1.0,7.0,2,0,1,0,1,2.0,0.9709,146160.0
21.75,7.0,1.0,2.0,7.0,2,0,1,0,0,5.5,0.9789,214800.0
25.25,6.0,3.0,1.0,6.0,0,0,1,0,0,3.0,0.9821,262800.0
22.5,6.0,2.0,1.0,7.0,0,0,1,1,0,5.0,0.9134,37680.0
22.25,1.0,7.0,6.0,1.0,0,1,1,0,0,4.5,0.0,0.0
24.75,7.0,1.0,1.0,7.0,2,0,1,0,0,2.5,0.2673,720.0
20.25,,,,,2,1,0,1,0,4.0,0.7747,10080.0
20.5,,,,,2,0,1,1,1,2.0,0.0,0.0
26.0,,,,,0,1,1,1,1,2.0,0.9311,50400.0
22.0,1.0,7.0,6.0,1.0,2,1,0,0,0,2.0,0.9578,92880.0
25.25,,,,,2,1,1,0,0,3.0,0.0,0.0
20.75,1.0,7.0,7.0,1.0,0,1,1,0,0,4.5,0.0,0.0
23.5,1.0,7.0,7.0,1.0,2,1,1,1,1,2.0,0.7209,7200.0
21.5,2.0,7.0,6.0,1.0,0,1,1,1,0,4.0,0.9702,141840.0
22.0,,,,,0,1,0,0,0,3.5,0.0,0.0
20.5,1.0,7.0,7.0,1.0,2,1,1,0,0,3.5,0.0,0.0
24.0,,,,,2,1,1,0,0,4.0,0.0,0.0
20.5,2.0,6.0,7.0,1.0,0,1,1,0,0,6.0,0.9809,241920.0
22.5,,,,,0,0,1,0,0,4.5,0.0,0.0
20.25,6.0,2.0,1.0,7.0,2,0,1,0,0,2.0,0.9643,113760.0
22.75,1.0,7.0,7.0,1.0,0,1,1,0,0,5.0,0.0,0.0
23.5,7.0,1.0,2.0,6.0,0,0,1,0,0,3.0,0.8977,30360.0
24.75,,,,,0,0,1,0,0,4.5,0.0,0.0
23.75,1.0,7.0,7.0,1.0,0,1,1,1,0,3.5,0.6314,4440.0
23.0,,,,,0,0,1,0,0,3.5,0.0,0.0
20.75,,,,,2,0,1,0,0,4.5,0.0,0.0
23.25,,,,,0,1,1,0,0,5.0,0.0,0.0
24.0,,,,,0,0,1,0,0,5.0,0.0,0.0
25.75,1.0,7.0,6.0,2.0,0,1,1,0,0,5.0,0.7025,6480.0
22.75,,,,,0,1,0,0,0,4.0,0.0737,120.0
24.75,,,,,0,0,1,1,1,4.5,0.0,0.0
23.0,5.0,3.0,1.0,7.0,0,0,1,0,0,4.5,0.8611,20160.0
25.75,,,,,2,0,0,0,0,4.0,0.8347,15840.0
23.75,1.0,7.0,5.0,2.0,2,1,1,0,0,3.5,0.9589,95880.0
21.25,7.0,1.0,1.0,7.0,0,0,1,0,0,4.5,0.0737,120.0
20.5,6.0,2.0,1.0,6.0,0,0,0,1,0,5.5,0.9882,433440.0
24.25,,,,,2,0,1,0,0,2.5,0.0,0.0
20.0,1.0,7.0,6.0,2.0,2,1,1,1,0,3.0,0.8272,14880.0
22.25,,,,,2,1,0,1,0,4.0,0.3967,1440.0
25.0,,,,,2,0,1,0,0,2.5,0.0,0.0
24.75,1.0,7.0,6.0,2.0,1,1,1,0,0,4.5,0.9286,48240.0
23.75,1.0,1.0,7.0,1.0,2,1,0,1,1,2.0,0.9934,866160.0
25.25,,,,,0,0,1,1,0,5.0,0.0737,120.0
22.5,,,,,0,0,1,1,1,5.0,0.0,0.0
20.0,1.0,7.0,7.0,1.0,2,1,1,0,0,3.5,0.0,0.0
20.25,,,,,2,1,1,0,0,3.5,0.0,0.0
21.75,6.0,3.0,1.0,7.0,2,0,1,0,0,4.5,0.9745,171360.0
21.0,,,,,0,1,1,0,0,6.0,0.0,0.0
23.75,7.0,7.0,1.0,6.0,0,0,1,0,0,5.0,0.9777,201600.0
22.5,,,,,0,0,1,1,0,5.0,0.0,0.0
23.25,,,,,0,0,1,0,0,5.0,0.0,0.0
22.5,6.0,2.0,1.0,7.0,0,0,1,0,0,6.0,0.0,0.0
21.25,,,,,0,1,1,0,0,3.5,0.3967,1440.0
21.5,1.0,7.0,7.0,1.0,2,1,0,0,0,4.5,0.8646,20880.0
22.25,,,,,2,1,0,0,0,2.5,0.0,0.0
20.0,2.0,7.0,5.0,3.0,2,1,1,0,1,2.0,0.9967,1920240.0
24.75,1.0,7.0,7.0,1.0,2,1,1,1,0,5.0,0.3967,1440.0
24.5,1.0,7.0,5.0,2.0,2,1,1,0,0,4.0,0.9763,187200.0
24.25,1.0,7.0,7.0,1.0,1,1,1,0,0,3.5,0.0,0.0
24.25,,,,,0,1,1,0,0,3.0,0.0,0.0
25.75,7.0,1.0,1.0,7.0,2,0,1,1,1,3.0,0.0,0.0
20.25,7.0,1.0,1.0,7.0,0,0,0,0,0,2.0,0.9581,93600.0
23.25,1.0,7.0,7.0,1.0,2,1,1,0,0,3.0,0.0,0.0
22.5,5.0,3.0,1.0,6.0,2,0,1,0,0,4.5,0.9821,262080.0
20.5,,,,,1,0,1,0,0,2.0,0.6561,5040.0
23.25,1.0,7.0,7.0,1.0,0,1,1,0,0,6.0,0.0,0.0
21.0,7.0,1.0,1.0,6.0,0,0,1,0,0,5.0,0.0,0.0
20.5,1.0,7.0,5.0,1.0,2,1,1,0,0,3.5,0.9374,56880.0
23.5,,,,,0,0,1,1,1,2.0,0.0,0.0
23.75,,,,,2,0,0,1,1,3.0,0.0,0.0
21.0,1.0,7.0,5.0,1.0,0,1,1,1,0,6.0,0.9814,249840.0
21.25,5.0,3.0,1.0,7.0,2,0,1,0,0,5.0,0.9089,35280.0
20.75,,,,,1,1,1,0,1,3.0,0.7025,6480.0
24.75,,,,,0,0,1,0,0,5.0,0.0,0.0
23.5,,,,,0,1,1,0,0,2.0,0.2673,720.0
25.75,1.0,7.0,7.0,1.0,2,1,1,0,0,4.0,0.0,0.0
25.25,1.0,7.0,7.0,1.0,2,1,1,0,0,3.5,0.0,0.0
20.25,,,,,2,1,1,1,0,3.5,0.0,0.0
24.75,,,,,2,0,1,0,0,3.0,0.0,0.0
20.5,7.0,1.0,1.0,6.0,0,0,1,1,0,3.5,0.854,18840.0
21.0,,,,,1,0,1,0,0,3.5,0.0,0.0
25.5,,,,,0,1,1,0,0,6.0,0.0,0.0
24.5,,,,,0,1,1,0,0,5.0,0.0,0.0
20.25,,,,,2,0,1,1,1,3.0,0.0,0.0
22.0,1.0,7.0,6.0,2.0,0,1,1,0,0,3.0,0.9779,203760.0
22.25,,,,,2,0,1,0,0,3.5,0.0,0.0
22.25,1.0,7.0,7.0,1.0,0,1,1,1,1,5.0,0.0,0.0
24.5,,,,,2,0,1,0,0,2.0,0.0,0.0
24.5,,,,,2,0,1,0,0,2.0,0.0,0.0
22.5,1.0,7.0,7.0,1.0,0,1,1,0,0,5.0,0.0,0.0
20.5,,,,,2,0,1,0,0,4.5,0.0,0.0
22.75,7.0,1.0,1.0,7.0,0,0,0,0,0,6.0,0.9089,35280.0
21.5,,,,,0,0,1,0,0,6.0,0.0,0.0
22.0,,,,,2,0,1,1,0,6.0,0.4131,1560.0
20.75,7.0,1.0,1.0,7.0,2,0,1,1,1,4.0,0.6692,5400.0
20.25,,,,,2,1,1,0,0,3.5,0.0,0.0
22.75,7.0,1.0,1.0,7.0,0,0,1,0,0,4.0,0.0,0.0
21.75,1.0,7.0,7.0,1.0,1,1,1,0,0,3.0,0.8646,20880.0
23.0,7.0,1.0,1.0,7.0,2,0,1,1,1,4.5,0.6812,5760.0
25.75,1.0,7.0,7.0,1.0,0,1,1,1,1,4.0,0.8847,25920.0
22.0,,,,,0,0,1,0,0,5.0,0.0,0.0
25.25,,,,,0,1,1,0,0,6.0,0.0,0.0
25.0,7.0,1.0,1.0,7.0,0,0,1,0,0,5.0,0.0,0.0
23.25,7.0,1.0,1.0,5.0,2,0,1,1,0,2.0,0.979,216720.0
22.5,,,,,0,1,1,1,1,2.0,0.7747,10080.0
23.0,1.0,7.0,7.0,1.0,0,1,1,0,1,3.0,0.8398,16560.0
25.25,,,,,1,0,1,1,0,2.0,0.2673,720.0
23.25,7.0,1.0,1.0,7.0,1,0,1,0,0,5.0,0.7747,10080.0
21.25,1.0,7.0,7.0,1.0,2,1,1,0,0,3.5,0.0,0.0
21.75,6.0,5.0,2.0,6.0,0,0,1,0,0,6.0,0.9951,1214640.0
21.75,2.0,6.0,7.0,1.0,1,1,1,0,0,6.0,0.9886,447120.0
24.5,,,,,0,1,1,0,0,3.0,0.0,0.0
23.5,1.0,7.0,7.0,1.0,1,1,1,0,0,2.0,0.9027,32400.0
23.75,,,,,0,1,1,0,0,5.0,0.0,0.0
24.25,2.0,6.0,6.0,3.0,0,1,1,0,0,3.5,0.9953,1294560.0
23.75,,,,,0,1,0,0,0,5.5,0.0,0.0
20.25,6.0,2.0,2.0,6.0,0,0,1,0,0,5.0,0.9714,149040.0
23.25,6.0,2.0,1.0,7.0,2,0,1,0,0,5.0,0.7025,6480.0
24.0,1.0,7.0,7.0,1.0,2,1,1,1,0,4.0,0.2673,720.0
25.5,,,,,0,1,1,1,1,5.0,0.6561,5040.0
22.75,,,,,2,0,1,1,1,3.5,0.0,0.0
24.75,1.0,7.0,7.0,1.0,2,1,1,0,0,4.0,0.0,0.0
21.25,6.0,2.0,1.0,7.0,2,0,1,0,0,5.0,0.8822,25200.0
21.25,7.0,1.0,1.0,7.0,0,0,1,1,0,4.0,0.0,0.0
24.75,2.0,7.0,7.0,2.0,2,1,1,1,0,5.0,0.9865,367920.0
20.5,7.0,1.0,1.0,7.0,1,0,1,1,1,6.0,0.9837,293040.0
25.25,,,,,2,0,1,1,1,2.0,0.0,0.0
21.0,,,,,0,1,1,0,0,4.0,0.0,0.0
22.0,1.0,7.0,7.0,1.0,2,1,1,0,0,3.5,0.0,0.0
21.75,,,,,2,0,1,1,1,5.0,0.2673,720.0
21.0,2.0,6.0,1.0,7.0,2,0,1,0,0,4.0,0.9947,1103760.0
23.75,1.0,7.0,7.0,1.0,0,1,0,1,0,4.0,0.8022,12240.0
23.25,7.0,1.0,1.0,7.0,2,0,1,0,0,2.0,0.0,0.0
24.25,,,,,0,0,1,0,0,4.5,0.0,0.0
23.5,,,,,0,1,1,0,0,4.0,0.0,0.0
20.0,7.0,2.0,1.0,7.0,0,0,1,0,0,5.5,0.8769,23760.0
22.0,6.0,2.0,1.0,7.0,0,0,1,0,0,6.0,0.0,0.0
22.25,,,,,2,0,1,1,1,2.0,0.0737,120.0
20.0,1.0,7.0,6.0,1.0,2,1,1,1,0,5.0,0.9333,52560.0
23.0,,,,,2,1,1,1,1,2.0,0.0,0.0
24.0,,,,,2,0,1,1,1,4.0,0.0,0.0
22.25,,,,,2,0,0,0,0,2.5,0.6561,5040.0
21.75,,,,,2,0,1,1,0,3.5,0.2673,720.0
21.25,,,,,0,0,0,0,0,5.0,0.0,0.0
20.25,,,,,2,0,1,1,1,3.0,0.0,0.0
25.0,7.0,1.0,7.0,1.0,0,1,1,0,0,4.0,0.9772,196560.0
25.75,1.0,7.0,7.0,1.0,2,1,1,0,0,2.0,0.3967,1440.0
23.75,2.0,6.0,7.0,1.0,0,1,1,0,0,6.0,0.9682,131040.0
25.25,1.0,7.0,7.0,1.0,2,1,1,1,0,2.0,0.3603,1200.0
22.25,6.0,2.0,1.0,7.0,0,0,1,0,0,6.0,0.0,0.0
22.0,,,,,2,1,1,0,0,2.5,0.0,0.0
23.75,6.0,3.0,1.0,7.0,0,0,1,0,0,3.0,0.9142,38160.0
24.25,1.0,7.0,7.0,1.0,0,1,1,0,0,6.0,0.0,0.0
21.0,7.0,1.0,1.0,7.0,2,0,1,0,0,4.0,0.0,0.0
25.25,7.0,1.0,1.0,7.0,2,0,1,0,0,2.0,0.8611,20160.0
25.25,7.0,1.0,1.0,6.0,0,0,0,0,0,3.5,0.9625,107400.0
22.75,1.0,7.0,7.0,1.0,0,1,0,0,0,5.5,0.8822,25200.0
23.5,1.0,7.0,7.0,1.0,2,1,0,0,0,4.5,0.4285,1680.0
20.25,1.0,7.0,7.0,1.0,2,1,1,0,0,6.0,0.8822,25200.0
23.25,,,,,1,0,1,0,0,3.0,0.0,0.0
23.5,,,,,2,1,1,1,0,5.0,0.3967,1440.0
23.5,5.0,3.0,2.0,6.0,2,0,1,0,0,3.0,0.9795,223200.0
23.5,4.0,4.0,7.0,1.0,2,1,1,0,1,3.5,0.9941,990720.0
22.5,,,,,0,0,1,1,1,3.0,0.0,0.0
25.25,7.0,1.0,1.0,7.0,2,0,1,0,0,3.0,0.0,0.0
24.75,,,,,0,0,1,1,1,2.0,0.7747,10080.0
21.5,,,,,0,0,1,1,1,2.0,0.0,0.0
23.75,7.0,1.0,1.0,7.0,1,0,1,0,0,2.0,0.0,0.0
23.5,,,,,2,0,1,0,1,2.0,0.6812,5760.0
25.25,,,,,2,0,1,0,0,3.5,0.0,0.0
24.0,,,,,0,1,1,0,0,6.0,0.0,0.0
23.25,1.0,7.0,7.0,1.0,0,1,1,0,0,6.0,0.0,0.0
22.75,,,,,0,0,1,0,0,3.0,0.0,0.0
24.25,7.0,1.0,1.0,7.0,0,0,0,0,0,4.5,0.9251,45360.0
22.0,,,,,2,1,1,1,0,2.5,0.2673,720.0
23.75,,,,,0,0,1,0,0,4.5,0.0,0.0
24.75,7.0,1.0,1.0,7.0,2,0,1,0,0,4.0,0.3967,1440.0
23.25,,,,,1,1,1,1,0,4.0,0.8292,15120.0
20.5,,,,,2,1,1,0,0,2.0,0.0,0.0
25.5,1.0,7.0,7.0,1.0,1,1,1,0,0,2.5,0.0,0.0
25.0,7.0,7.0,1.0,7.0,0,0,1,0,0,3.5,0.8992,30960.0
25.5,,,,,0,0,1,0,0,6.0,0.0,0.0
25.75,6.0,2.0,1.0,7.0,0,0,1,0,0,4.5,0.8611,20160.0
22.5,,,,,0,0,0,0,0,5.0,0.0,0.0
20.5,,,,,0,0,1,0,0,5.0,0.0,0.0
21.25,1.0,7.0,7.0,1.0,0,1,1,1,0,5.5,0.6281,4368.0
21.25,7.0,1.0,1.0,6.0,2,0,1,1,1,3.0,0.9743,170040.0
24.0,1.0,7.0,7.0,1.0,0,1,1,1,1,5.0,0.8292,15120.0
23.0,7.0,1.0,2.0,6.0,0,0,1,0,0,5.0,0.0,0.0
24.25,7.0,1.0,1.0,7.0,2,0,1,1,1,4.0,0.0,0.0
24.75,,,,,0,0,1,0,0,5.0,0.0,0.0
20.25,7.0,1.0,1.0,7.0,2,0,1,0,0,4.0,0.0,0.0
22.0,1.0,7.0,7.0,1.0,0,1,1,0,0,6.0,0.6887,6000.0
24.5,,,,,2,1,1,0,0,3.0,0.0,0.0
23.75,1.0,7.0,6.0,2.0,1,1,1,0,0,6.0,0.9805,236880.0
21.75,,,,,0,1,1,0,0,4.5,0.0,0.0
24.0,1.0,7.0,2.0,1.0,2,1,1,1,0,4.5,0.9896,499680.0
22.25,1.0,7.0,7.0,1.0,2,1,1,0,0,3.0,0.0,0.0
21.75,1.0,7.0,7.0,1.0,2,1,1,0,0,4.0,0.0,0.0
20.75,,,,,2,1,1,0,0,4.0,0.0,0.0
24.5,7.0,1.0,7.0,1.0,1,1,1,0,0,4.5,0.9425,63360.0
22.5,1.0,7.0,7.0,1.0,0,1,0,0,0,6.0,0.0,0.0
24.75,,,,,0,1,1,0,0,6.0,0.0,0.0
21.5,,,,,2,0,1,0,0,3.0,0.0,0.0
23.75,,,,,0,0,1,1,1,3.5,0.0,0.0
20.25,,,,,2,1,1,0,0,4.0,0.0,0.0
24.5,7.0,1.0,1.0,7.0,0,0,1,0,0,6.0,0.0,0.0
22.25,,,,,0,1,1,0,0,5.5,0.0,0.0
26.0,5.0,3.0,1.0,7.0,1,0,1,0,1,3.5,0.9959,1529280.0
21.5,2.0,6.0,7.0,1.0,0,1,0,0,0,6.0,0.9763,187200.0
20.0,,,,,0,0,1,0,0,5.0,0.0,0.0
20.75,1.0,7.0,7.0,1.0,2,1,1,0,0,4.0,0.0,0.0
22.0,7.0,1.0,1.0,7.0,2,0,0,0,0,3.0,0.0,0.0
21.5,6.0,2.0,1.0,7.0,0,0,1,0,0,6.0,0.8611,20160.0
20.0,,,,,0,0,0,0,0,2.0,0.0,0.0
22.25,,,,,2,0,1,0,1,4.5,0.3967,1440.0
25.25,,,,,0,0,1,1,1,5.0,0.2673,720.0
21.0,,,,,1,0,1,1,1,4.5,0.8611,20160.0
21.25,7.0,2.0,1.0,6.0,0,0,1,0,0,6.0,0.9326,51840.0
24.75,7.0,1.0,1.0,7.0,0,0,1,0,1,3.5,0.6958,6240.0
21.25,,,,,2,0,1,1,1,4.5,0.0,0.0
22.25,1.0,7.0,7.0,1.0,2,1,1,1,0,4.5,0.0,0.0
24.25,,,,,0,0,1,1,1,6.0,0.0,0.0
25.5,,,,,2,1,1,0,0,3.5,0.0,0.0
20.25,1.0,7.0,6.0,2.0,2,1,1,0,1,3.0,0.963,108960.0
23.5,,,,,2,0,1,0,0,5.0,0.0,0.0
25.75,1.0,7.0,5.0,2.0,1,1,0,1,1,2.5,0.9852,329760.0
24.0,1.0,7.0,7.0,1.0,0,1,1,0,0,4.0,0.0,0.0
25.25,1.0,7.0,7.0,1.0,0,1,1,0,0,5.0,0.0,0.0
21.25,,,,,0,0,1,0,0,4.0,0.0,0.0
20.75,1.0,7.0,7.0,1.0,2,1,1,0,0,4.5,0.0,0.0
25.5,7.0,1.0,1.0,7.0,0,0,0,0,0,6.0,0.0,0.0
25.0,1.0,7.0,7.0,1.0,1,1,1,1,0,5.0,0.9822,264240.0
21.5,1.0,7.0,6.0,1.0,2,1,1,0,0,6.0,0.945,66960.0
22.25,1.0,7.0,7.0,1.0,2,1,1,0,1,4.0,0.8974,30240.0
20.25,7.0,1.0,1.0,7.0,2,0,1,0,0,3.0,0.0,0.0
23.0,,,,,0,0,1,1,0,6.0,0.0,0.0
24.25,,,,,2,1,1,0,0,3.5,0.0,0.0
23.0,,,,,2,1,1,0,0,6.0,0.9178,40320.0
25.0,,,,,2,1,1,1,0,2.0,0.0,0.0
20.5,6.0,1.0,1.0,7.0,0,0,1,1,0,3.0,0.972,153360.0
24.0,,,,,0,1,1,0,0,5.0,0.0,0.0
23.0,7.0,1.0,1.0,7.0,2,0,1,0,0,2.5,0.0,0.0
21.5,7.0,1.0,7.0,1.0,2,1,1,0,0,6.0,0.9832,283680.0
22.0,7.0,1.0,7.0,1.0,2,1,1,0,0,4.0,0.9815,252000.0
22.5,1.0,7.0,7.0,1.0,2,1,1,0,0,5.0,0.0,0.0
23.25,1.0,7.0,7.0,1.0,1,1,1,1,1,2.0,0.9303,49680.0
20.75,,,,,0,1,1,1,0,4.5,0.0,0.0
22.5,,,,,0,0,1,1,0,4.0,0.0,0.0
21.0,,,,,2,1,1,1,1,5.0,0.0,0.0
25.0,1.0,7.0,7.0,1.0,0,1,1,0,0,6.0,0.9732,161280.0
25.0,1.0,7.0,7.0,1.0,2,1,1,0,0,3.0,0.0,0.0
24.5,1.0,7.0,7.0,1.0,0,1,1,0,0,6.0,0.0,0.0
20.5,7.0,1.0,1.0,6.0,2,0,1,1,1,2.5,0.9702,141840.0
23.25,7.0,2.0,1.0,7.0,0,0,1,1,1,3.0,0.9464,69120.0
23.25,,,,,1,1,1,0,0,3.0,0.6561,5040.0
23.75,7.0,1.0,1.0,7.0,0,0,1,0,0,3.0,0.0,0.0
21.5,1.0,7.0,7.0,1.0,2,1,1,1,1,2.5,0.0,0.0
23.5,7.0,1.0,1.0,7.0,2,0,1,1,1,2.5,0.5672,3240.0
21.5,7.0,1.0,1.0,7.0,2,0,1,0,0,3.0,0.0,0.0
21.0,7.0,1.0,4.0,3.0,2,1,1,0,0,4.0,0.9971,2299680.0
20.75,7.0,1.0,1.0,7.0,0,0,1,1,1,4.0,0.7369,7920.0
21.0,7.0,1.0,1.0,7.0,0,0,1,0,0,6.0,0.4429,1800.0
24.0,7.0,1.0,1.0,7.0,2,0,1,1,1,3.5,0.7025,6480.0
24.5,7.0,1.0,6.0,1.0,2,1,1,0,0,5.0,0.9863,362160.0
24.25,7.0,2.0,1.0,6.0,0,0,1,1,0,5.0,0.9074,34560.0
21.25,,,,,0,0,1,0,0,2.0,0.0,0.0
23.5,2.0,6.0,6.0,2.0,0,1,1,1,0,4.5,0.9625,107280.0
25.75,,,,,0,0,1,0,0,5.0,0.0,0.0
25.0,,,,,0,1,1,0,0,5.0,0.0,0.0
24.25,,,,,2,1,1,0,1,3.5,0.7747,10080.0
22.75,6.0,2.0,1.0,7.0,1,0,0,0,0,4.0,0.9691,136080.0
23.25,7.0,2.0,2.0,6.0,0,0,1,0,0,4.5,0.913,37440.0
25.5,,,,,0,1,0,1,0,5.5,0.7025,6480.0
25.5,,,,,0,1,1,0,0,5.5,0.0,0.0
23.5,1.0,7.0,7.0,1.0,2,1,0,0,0,5.0,0.7369,7920.0
20.75,1.0,7.0,7.0,1.0,2,1,1,0,0,3.0,0.0,0.0
24.75,7.0,1.0,1.0,5.0,2,0,1,0,0,4.5,0.9864,364320.0
24.25,4.0,4.0,1.0,7.0,2,0,1,1,1,2.0,0.987,384480.0
23.75,,,,,0,1,1,0,0,5.0,0.0,0.0
26.0,1.0,7.0,7.0,1.0,2,1,1,0,0,5.0,0.9809,241920.0
20.0,1.0,7.0,7.0,1.0,1,1,1,1,1,4.0,0.9693,136800.0
23.25,,,,,2,0,1,1,1,3.5,0.0,0.0
26.0,,,,,0,0,1,0,0,4.5,0.2673,720.0
25.5,,,,,2,0,1,1,1,2.0,0.0,0.0
22.0,6.0,2.0,1.0,7.0,2,0,1,0,0,2.0,0.957,90720.0
23.25,,,,,2,0,0,0,0,4.0,0.0,0.0
20.5,7.0,1.0,1.0,1.0,0,0,1,0,0,6.0,0.9912,614880.0
20.5,1.0,7.0,7.0,1.0,0,1,1,0,0,4.5,0.0,0.0
24.75,7.0,1.0,1.0,7.0,0,0,1,0,1,5.0,0.9311,50400.0
24.25,4.0,4.0,1.0,7.0,2,0,1,0,0,2.5,0.9775,199560.0
21.5,7.0,1.0,1.0,7.0,2,0,1,0,0,2.0,0.0,0.0
20.25,1.0,7.0,7.0,1.0,2,1,1,0,0,4.0,0.0,0.0
21.25,1.0,7.0,7.0,1.0,2,1,1,1,0,3.5,0.4814,2160.0
22.0,,,,,0,0,1,0,0,5.0,0.0,0.0
23.5,,,,,0,0,1,0,0,5.5,0.0,0.0
20.0,5.0,3.0,2.0,6.0,2,0,1,0,0,2.5,0.9841,302400.0
22.75,7.0,1.0,1.0,7.0,2,0,1,1,0,3.5,0.8211,14160.0
23.0,,,,,0,1,1,0,0,5.0,0.0,0.0
23.5,1.0,7.0,7.0,1.0,2,1,1,0,0,3.0,0.0,0.0
22.0,5.0,3.0,1.0,7.0,2,0,1,1,1,3.5,0.9876,404640.0
23.75,,,,,2,0,1,1,1,3.0,0.0,0.0
24.5,1.0,7.0,6.0,2.0,1,1,0,0,0,2.5,0.9873,393840.0
22.25,,,,,2,0,0,1,1,4.0,0.9311,50400.0
21.0,,,,,0,1,0,0,0,5.0,0.0,0.0
22.0,,,,,0,1,1,0,0,4.0,0.0,0.0
20.25,7.0,1.0,1.0,7.0,0,0,0,0,0,3.5,0.8974,30240.0
20.25,,,,,2,0,1,1,1,3.5,0.0,0.0
21.0,7.0,1.0,1.0,7.0,2,0,1,0,0,3.0,0.0,0.0
22.5,,,,,1,1,1,0,0,4.0,0.0,0.0
23.75,7.0,1.0,1.0,7.0,0,0,1,0,0,5.0,0.0,0.0
20.5,7.0,2.0,1.0,7.0,2,0,1,0,0,3.0,0.9263,46320.0
21.25,7.0,1.0,1.0,7.0,0,0,0,0,0,5.0,0.959,96240.0
23.25,,,,,0,0,1,0,0,6.0,0.0,0.0
23.25,,,,,2,1,1,1,0,4.5,0.0,0.0
21.25,1.0,7.0,7.0,1.0,1,1,1,0,0,4.0,0.8292,15120.0
21.75,,,,,0,1,1,1,0,5.0,0.0,0.0
21.0,,,,,0,1,1,1,0,4.5,0.0,0.0
23.0,7.0,1.0,1.0,7.0,1,0,1,0,0,2.0,0.0,0.0
24.75,7.0,1.0,1.0,7.0,0,0,1,1,1,3.0,0.4814,2160.0
25.5,,,,,0,1,0,1,1,3.5,0.7764,10200.0
21.5,1.0,7.0,7.0,1.0,2,1,1,1,1,3.0,0.0,0.0
25.0,,,,,0,1,1,1,0,4.0,0.0,0.0
21.5,7.0,2.0,1.0,7.0,0,0,1,0,0,4.5,0.7939,11520.0
24.75,6.0,3.0,3.0,4.0,0,0,1,1,0,5.0,0.9974,2545200.0
21.75,7.0,1.0,1.0,7.0,0,0,1,1,0,4.5,0.0,0.0
24.75,7.0,2.0,1.0,6.0,0,0,1,0,0,3.5,0.9638,112008.0
20.25,1.0,7.0,7.0,1.0,2,1,1,0,0,2.5,0.0,0.0
20.5,1.0,7.0,7.0,1.0,0,1,1,0,0,4.0,0.0,0.0
20.5,1.0,6.0,6.0,2.0,2,1,1,1,0,4.0,0.9856,339120.0
22.5,7.0,1.0,1.0,7.0,1,0,1,0,0,3.5,0.8098,12960.0
21.25,6.0,1.0,6.0,2.0,0,1,1,1,1,6.0,0.9954,1315440.0
25.5,,,,,0,1,0,0,0,3.0,0.3178,960.0
21.75,1.0,7.0,6.0,1.0,2,1,1,0,0,4.0,0.7848,10800.0
21.0,1.0,7.0,7.0,1.0,0,1,0,0,0,6.0,0.7747,10080.0
20.75,2.0,7.0,7.0,1.0,0,1,1,0,0,4.0,0.9431,64080.0
22.0,7.0,2.0,1.0,7.0,1,0,0,0,0,3.0,0.9697,138960.0
23.5,,,,,2,1,1,1,1,3.5,0.0,0.0
22.75,3.0,6.0,3.0,4.0,0,0,1,0,0,6.0,0.9973,2499840.0
23.5,6.0,2.0,1.0,6.0,0,0,1,0,0,4.5,0.8992,30960.0
22.5,,,,,1,0,1,0,0,2.0,0.3967,1440.0
25.25,7.0,7.0,1.0,7.0,2,0,1,0,0,3.0,0.8741,23040.0
25.0,,,,,0,1,1,0,0,4.5,0.0,0.0
22.75,,,,,0,0,1,0,0,3.0,0.0,0.0
21.75,6.0,2.0,1.0,7.0,0,0,1,0,0,4.5,0.7747,10080.0
21.5,,,,,0,0,1,0,0,4.0,0.0,0.0
22.5,1.0,7.0,7.0,1.0,2,1,1,0,0,2.0,0.6366,4560.0
24.5,2.0,6.0,5.0,2.0,0,1,0,1,1,4.0,0.9921,697680.0
22.5,6.0,4.0,3.0,6.0,1,0,1,0,0,4.5,0.9941,987840.0
24.25,1.0,7.0,7.0,1.0,2,1,1,1,1,4.0,0.0,0.0
25.0,7.0,1.0,1.0,7.0,0,0,1,0,0,6.0,0.0,0.0
20.75,6.0,2.0,1.0,6.0,0,0,1,0,0,5.0,0.6692,5400.0
22.25,7.0,1.0,1.0,7.0,2,0,0,0,0,4.0,0.8122,13200.0
21.0,7.0,1.0,1.0,7.0,2,0,1,1,1,4.0,0.0,0.0
25.25,5.0,3.0,1.0,7.0,0,0,1,0,0,4.0,0.9745,171360.0
25.25,,,,,1,1,0,0,0,3.5,0.8292,15120.0
21.25,,,,,2,0,1,1,1,2.0,0.0,0.0
23.0,,,,,2,0,1,1,1,5.0,0.6812,5760.0
20.5,7.0,1.0,1.0,7.0,2,0,1,1,1,5.0,0.8992,30960.0
21.5,,,,,2,0,1,0,0,4.0,0.0,0.0
20.25,1.0,7.0,7.0,1.0,2,1,1,0,0,5.0,0.0,0.0
21.0,,,,,2,1,0,0,0,6.0,0.7747,10080.0
21.25,7.0,1.0,1.0,7.0,2,0,1,1,1,4.5,0.0,0.0
24.25,,,,,1,0,1,1,1,2.0,0.0,0.0
20.5,7.0,1.0,1.0,7.0,0,0,1,1,1,2.0,0.8347,15840.0
20.5,1.0,7.0,7.0,1.0,2,1,1,0,0,5.0,0.0,0.0
25.75,,,,,1,1,0,0,0,4.0,0.0,0.0
23.5,,,,,2,0,1,0,0,4.5,0.0,0.0
24.75,1.0,7.0,7.0,1.0,2,1,1,0,0,6.0,0.0,0.0
20.25,,,,,0,1,1,0,0,6.0,0.0,0.0
22.0,7.0,1.0,1.0,7.0,0,0,1,0,0,3.5,0.0,0.0
23.25,1.0,7.0,1.0,7.0,2,0,0,0,0,4.0,0.9749,174960.0
24.0,1.0,7.0,7.0,1.0,2,1,1,1,1,4.0,0.0,0.0
25.75,7.0,1.0,1.0,7.0,2,0,1,1,1,3.0,0.0,0.0
23.25,,,,,2,1,1,0,0,4.5,0.0,0.0
24.5,1.0,7.0,7.0,1.0,0,1,1,1,0,5.0,0.5593,3120.0
21.75,7.0,1.0,1.0,5.0,2,0,0,0,0,4.5,0.9874,398160.0
25.5,1.0,7.0,7.0,1.0,0,1,1,1,0,3.0,0.8623,20400.0
20.0,,,,,0,0,1,1,0,4.0,0.0,0.0
25.0,7.0,1.0,1.0,7.0,0,0,1,1,0,3.5,0.4565,1920.0
23.5,5.0,4.0,2.0,7.0,2,0,1,0,0,4.5,0.9825,270000.0
21.25,1.0,7.0,7.0,1.0,0,1,1,0,0,6.0,0.0,0.0
23.75,2.0,6.0,5.0,2.0,0,1,1,0,0,6.0,0.9881,425520.0
22.25,,,,,2,0,1,1,1,3.0,0.0,0.0
21.75,7.0,1.0,1.0,7.0,2,0,1,1,1,2.0,0.5593,3120.0
24.5,1.0,7.0,5.0,1.0,2,1,0,1,1,4.0,0.9863,361440.0
24.25,,,,,0,0,1,1,0,4.0,0.0,0.0
23.75,1.0,7.0,7.0,1.0,2,1,1,1,1,4.0,0.0,0.0
24.75,1.0,7.0,7.0,1.0,2,1,1,0,0,5.0,0.7025,6480.0
20.5,,,,,2,0,0,0,0,3.5,0.6812,5760.0
22.0,,,,,1,0,1,0,0,4.0,0.0,0.0
22.25,,,,,0,0,1,1,0,4.0,0.0,0.0
20.75,,,,,0,1,1,0,0,6.0,0.0,0.0
22.0,,,,,2,1,1,0,0,3.5,0.0,0.0
21.75,,,,,0,0,0,1,0,6.0,0.589,3600.0
21.0,,,,,1,0,0,1,1,3.5,0.8871,26640.0
22.25,,,,,2,1,0,0,0,4.0,0.0,0.0
24.0,,,,,0,0,1,0,0,4.5,0.0,0.0
23.75,,,,,2,1,1,0,0,3.0,0.0,0.0
21.75,,,,,0,0,1,0,0,3.5,0.0,0.0
22.0,1.0,7.0,3.0,3.0,1,0,1,0,1,3.0,0.9975,2701440.0
23.0,1.0,7.0,6.0,2.0,0,1,1,0,0,3.5,0.9328,52080.0
21.5,1.0,7.0,5.0,2.0,1,1,1,0,0,2.0,0.9843,307440.0
21.0,7.0,1.0,2.0,5.0,2,0,1,1,0,2.0,0.9892,476760.0
24.75,7.0,1.0,1.0,7.0,2,0,1,1,0,2.5,0.7209,7200.0
20.5,1.0,7.0,7.0,1.0,2,1,1,0,0,3.5,0.0,0.0
20.5,5.0,3.0,1.0,7.0,1,0,1,0,0,4.0,0.9802,232560.0
20.25,,,,,2,1,1,0,0,4.5,0.0,0.0
24.5,1.0,7.0,7.0,1.0,0,1,1,1,1,4.0,0.6417,4680.0
22.0,1.0,7.0,6.0,1.0,2,1,0,0,0,4.0,0.9361,55440.0
25.25,1.0,7.0,6.0,2.0,0,1,1,1,0,2.0,0.9326,51840.0
20.75,,,,,2,0,1,0,0,5.0,0.3967,1440.0
23.0,1.0,7.0,7.0,1.0,0,1,1,1,1,6.0,0.9251,45360.0
21.25,7.0,1.0,1.0,5.0,0,0,1,1,1,4.0,0.9886,448560.0
23.0,,,,,2,1,1,0,0,4.0,0.0,0.0
23.25,7.0,1.0,1.0,7.0,0,0,1,0,0,3.5,0.0,0.0
24.75,,,,,0,1,1,0,0,3.0,0.0,0.0
24.25,7.0,1.0,1.0,7.0,1,0,1,0,0,2.0,0.8893,27360.0
24.25,,,,,0,1,1,0,0,3.5,0.0,0.0
23.25,,,,,0,1,1,0,0,5.0,0.0,0.0
25.25,4.0,4.0,1.0,7.0,1,0,1,0,0,2.0,0.9933,851760.0
20.75,7.0,1.0,1.0,7.0,2,0,1,0,0,4.5,0.0,0.0
25.5,1.0,7.0,6.0,2.0,2,1,1,0,0,5.0,0.8022,12240.0
24.75,,,,,1,0,1,0,0,3.0,0.0,0.0
22.25,,,,,2,0,1,1,0,2.0,0.2673,720.0
24.75,1.0,7.0,7.0,1.0,1,1,1,0,0,3.0,0.0,0.0
20.5,,,,,2,1,1,1,0,3.0,0.0,0.0
23.75,7.0,1.0,2.0,6.0,0,0,1,0,0,5.0,0.0,0.0
24.25,7.0,1.0,1.0,7.0,2,0,1,1,1,4.5,0.0,0.0
25.75,7.0,1.0,1.0,7.0,0,0,1,0,0,5.0,0.0,0.0
25.0,7.0,1.0,1.0,7.0,2,0,1,0,0,3.5,0.0,0.0
25.5,7.0,1.0,2.0,6.0,0,0,1,0,0,4.5,0.8242,14520.0
25.25,1.0,7.0,1.0,7.0,0,0,1,0,0,5.0,0.9611,102720.0
24.0,7.0,1.0,1.0,7.0,0,0,1,0,0,6.0,0.0,0.0
23.25,,,,,0,1,1,0,0,3.0,0.0,0.0
23.75,,,,,0,0,0,0,0,4.0,0.0,0.0
20.5,2.0,5.0,1.0,7.0,2,0,1,0,0,4.0,0.9961,1622880.0
23.25,,,,,0,0,1,0,0,3.0,0.0,0.0
21.5,1.0,7.0,7.0,1.0,2,1,1,1,1,3.0,0.0,0.0
21.25,,,,,0,0,1,0,0,2.0,0.0,0.0
22.0,7.0,1.0,2.0,6.0,0,0,1,0,0,5.0,0.9745,171360.0
24.0,7.0,1.0,3.0,3.0,1,1,1,1,0,3.0,0.9965,1822320.0
21.0,7.0,1.0,1.0,7.0,2,0,1,0,0,4.0,0.0,0.0
21.0,4.0,1.0,6.0,1.0,2,1,1,1,0,3.5,0.9952,1247040.0
25.0,,,,,2,1,1,1,1,3.0,0.0,0.0
25.25,7.0,1.0,1.0,7.0,2,0,1,0,0,3.0,0.0,0.0
20.25,7.0,1.0,1.0,7.0,0,0,1,0,0,4.0,0.0,0.0
21.5,7.0,1.0,1.0,7.0,2,0,1,0,0,4.5,0.0,0.0
20.25,,,,,2,1,1,0,0,3.5,0.0,0.0
20.5,1.0,7.0,6.0,1.0,0,1,1,1,0,6.0,0.9178,40320.0
25.5,7.0,1.0,1.0,7.0,2,0,1,1,1,4.5,0.8871,26640.0
20.75,,,,,0,0,1,0,0,5.0,0.0,0.0
21.0,,,,,0,1,1,0,0,6.0,0.0,0.0
21.0,,,,,1,1,1,1,0,3.0,0.7209,7200.0
22.75,1.0,7.0,6.0,1.0,2,1,1,0,0,4.0,0.2673,720.0
21.0,5.0,4.0,7.0,1.0,0,1,1,1,1,5.0,0.9961,1620000.0
24.25,1.0,7.0,6.0,1.0,0,1,1,0,1,6.0,0.9739,166440.0
21.5,6.0,2.0,1.0,7.0,2,0,1,0,0,3.5,0.7939,11520.0
21.25,,,,,2,0,0,1,0,6.0,0.8292,15120.0
20.5,5.0,2.0,2.0,6.0,1,0,1,1,0,2.5,0.993,797040.0
22.0,1.0,7.0,7.0,1.0,1,1,1,0,0,2.0,0.0,0.0
23.0,,,,,0,1,1,1,0,6.0,0.2673,720.0
22.0,1.0,7.0,6.0,1.0,2,1,1,0,0,3.0,0.6812,5760.0
22.0,,,,,0,1,1,1,0,4.5,0.0199,24.0
22.25,1.0,7.0,7.0,1.0,1,1,1,0,0,2.0,0.0,0.0
22.25,1.0,7.0,5.0,1.0,1,1,1,0,0,3.0,0.9887,452880.0
20.25,7.0,2.0,7.0,2.0,2,0,1,0,0,4.0,0.9955,1336320.0
23.5,6.0,1.0,2.0,6.0,0,0,1,1,0,6.0,0.9829,277920.0
21.5,1.0,7.0,7.0,1.0,2,1,1,1,0,6.0,0.8935,28800.0
22.0,6.0,2.0,7.0,1.0,2,1,1,1,1,2.0,0.9941,974160.0
23.0,6.0,2.0,1.0,5.0,0,0,1,0,0,5.0,0.9809,241920.0
26.0,,,,,0,0,1,1,1,2.0,0.9311,50400.0
22.75,5.0,2.0,1.0,6.0,0,0,1,1,0,3.5,0.9792,218880.0
23.0,1.0,7.0,7.0,1.0,2,1,1,0,0,5.0,0.551,3000.0
19.75,1.0,7.0,7.0,1.0,0,1,1,0,0,5.0,0.9946,1088640.0
25.25,2.0,6.0,4.0,2.0,0,1,1,0,1,4.0,0.995,1201680.0
22.75,,,,,2,0,1,1,1,6.0,0.9251,45360.0
20.25,1.0,7.0,7.0,1.0,0,1,1,0,0,6.0,0.0,0.0
24.0,7.0,2.0,1.0,7.0,0,0,1,1,0,5.0,0.7369,7920.0
24.75,6.0,2.0,1.0,7.0,0,0,1,1,0,4.5,0.974,167760.0
23.5,,,,,2,1,1,0,0,4.0,0.0,0.0
23.0,,,,,2,1,1,1,1,3.0,0.0,0.0
20.75,,,,,2,0,1,0,0,3.0,0.0,0.0
24.0,,,,,0,1,1,1,0,4.5,0.0737,120.0
21.0,,,,,0,0,1,1,1,3.0,0.0,0.0
21.5,1.0,7.0,7.0,1.0,2,1,1,0,0,3.0,0.0,0.0
24.25,,,,,2,0,1,0,0,2.5,0.0,0.0
25.25,1.0,7.0,7.0,1.0,2,1,1,1,0,5.0,0.4429,1800.0
25.75,,,,,2,0,1,1,0,5.0,0.3967,1440.0
25.0,7.0,1.0,1.0,7.0,2,0,0,1,1,5.0,0.9798,226800.0
20.25,1.0,7.0,6.0,2.0,1,1,1,0,0,4.0,0.9655,118800.0
22.0,,,,,0,1,0,1,0,4.0,0.6561,5040.0
24.5,,,,,2,1,1,0,0,4.0,0.0,0.0
24.5,,,,,2,0,1,0,0,3.0,0.0,0.0
21.0,,,,,2,0,1,0,0,4.0,0.0,0.0
25.25,,,,,1,1,1,1,0,4.0,0.7747,10080.0
25.5,,,,,0,0,1,1,1,6.0,0.0,0.0
21.0,7.0,1.0,1.0,7.0,2,0,0,1,1,3.5,0.9486,72720.0
20.25,7.0,1.0,1.0,7.0,2,0,1,0,0,3.5,0.0,0.0
26.0,1.0,7.0,2.0,1.0,0,1,1,0,0,3.5,0.993,806520.0
25.5,1.0,7.0,7.0,1.0,1,1,1,0,0,2.0,0.0,0.0
24.5,,,,,0,0,1,1,0,4.0,0.0,0.0
26.0,,,,,0,0,1,0,0,3.5,0.7747,10080.0
20.5,4.0,4.0,1.0,7.0,2,0,0,1,0,4.5,0.9952,1263840.0
24.5,,,,,0,0,1,1,1,5.0,0.0,0.0
24.25,1.0,7.0,7.0,1.0,2,1,1,0,0,4.0,0.0,0.0
25.5,,,,,0,1,1,0,0,5.0,0.0,0.0
23.75,,,,,2,0,1,0,0,3.0,0.0,0.0
23.75,7.0,1.0,1.0,7.0,0,0,1,0,0,2.5,0.6366,4560.0
23.75,,,,,0,0,0,1,0,4.5,0.5424,2880.0
23.25,5.0,2.0,1.0,6.0,0,0,1,0,0,5.0,0.9682,131040.0
21.25,7.0,1.0,1.0,7.0,0,0,1,0,0,3.5,0.7747,10080.0
21.25,1.0,7.0,7.0,1.0,2,1,1,0,0,3.5,0.0,0.0
23.0,7.0,1.0,1.0,7.0,2,0,0,1,1,3.5,0.9639,112320.0
22.5,,,,,2,0,1,0,0,5.0,0.0,0.0
23.5,1.0,7.0,7.0,1.0,0,1,1,0,0,5.5,0.0,0.0
23.25,,,,,0,0,1,0,0,4.0,0.0,0.0
20.5,7.0,1.0,1.0,7.0,0,0,1,0,0,3.0,0.0,0.0
24.5,7.0,1.0,1.0,7.0,0,0,1,1,0,5.0,0.751,8640.0
23.75,1.0,7.0,6.0,1.0,0,1,1,0,0,6.0,0.7764,10200.0
21.25,,,,,2,0,0,0,0,3.5,0.3967,1440.0
21.5,6.0,2.0,1.0,7.0,1,0,1,0,0,3.0,0.9725,156240.0
23.5,6.0,2.0,1.0,7.0,0,0,1,0,0,5.0,0.5424,2880.0
25.0,7.0,1.0,2.0,6.0,0,0,1,1,0,4.5,0.9673,126720.0
21.5,5.0,3.0,1.0,7.0,2,0,1,0,1,5.0,0.9767,191520.0
21.25,1.0,7.0,7.0,1.0,2,1,1,0,0,2.0,0.0,0.0
24.0,5.0,3.0,1.0,7.0,0,0,1,1,0,3.0,0.9899,520080.0
21.0,,,,,2,1,1,1,0,3.0,0.0,0.0
20.25,7.0,2.0,7.0,1.0,2,1,1,0,0,4.5,0.9815,252000.0
20.25,1.0,7.0,7.0,1.0,0,1,1,1,0,6.0,0.6649,5280.0
23.0,1.0,7.0,7.0,1.0,0,1,1,0,0,5.0,0.0,0.0
21.0,1.0,7.0,7.0,1.0,2,1,1,0,0,2.0,0.0,0.0
20.75,,,,,0,1,1,1,0,5.5,0.1254,240.0
21.75,1.0,7.0,7.0,1.0,0,1,1,0,0,6.0,0.0,0.0
23.75,,,,,2,0,1,0,0,3.0,0.0,0.0
23.75,4.0,4.0,2.0,6.0,2,0,1,1,0,3.5,0.9887,456480.0
24.25,7.0,1.0,1.0,7.0,2,0,0,0,0,3.0,0.9432,64320.0
22.75,1.0,7.0,7.0,1.0,0,1,1,1,1,6.0,0.9361,55440.0
25.75,,,,,2,0,1,1,1,5.0,0.2673,720.0
24.0,,,,,2,1,1,1,0,4.5,0.0,0.0
24.5,1.0,7.0,2.0,6.0,0,0,1,1,1,5.0,0.9897,506880.0
20.75,,,,,0,1,1,0,0,3.0,0.0,0.0
25.5,7.0,1.0,1.0,7.0,0,0,1,1,0,4.5,0.0,0.0
23.75,,,,,2,0,0,0,0,2.0,0.4814,2160.0
22.0,1.0,7.0,7.0,1.0,0,1,0,0,0,6.0,0.0,0.0
24.75,,,,,1,0,1,0,0,3.0,0.0,0.0
25.75,,,,,2,0,1,0,0,3.0,0.0,0.0
20.5,7.0,1.0,1.0,7.0,1,0,1,0,0,5.0,0.9251,45360.0
23.0,1.0,7.0,7.0,1.0,2,1,0,1,0,4.5,0.5672,3240.0
21.5,,,,,0,0,1,0,0,5.0,0.0,0.0
22.25,1.0,7.0,7.0,1.0,2,1,1,0,0,5.5,0.0,0.0
21.0,,,,,1,0,1,1,1,5.0,0.9311,50400.0
23.75,,,,,0,1,1,0,0,3.0,0.0,0.0
22.5,,,,,0,1,1,0,0,3.5,0.0,0.0
21.0,7.0,1.0,6.0,1.0,1,1,1,0,0,4.0,0.9855,337680.0
22.0,1.0,7.0,7.0,1.0,1,1,1,0,0,4.0,0.0,0.0
25.25,1.0,7.0,7.0,1.0,2,1,1,1,1,2.0,0.8232,14400.0
23.25,7.0,1.0,1.0,7.0,0,0,1,0,0,5.0,0.0,0.0
20.25,1.0,7.0,7.0,1.0,0,1,1,1,0,4.0,0.5424,2880.0
24.75,,,,,0,1,1,0,0,3.0,0.0,0.0
22.25,1.0,7.0,7.0,1.0,2,1,1,0,0,4.5,0.0352,48.0
20.25,1.0,7.0,7.0,1.0,2,1,1,1,1,4.0,0.0,0.0
20.75,,,,,2,0,1,1,1,3.0,0.0,0.0
22.5,,,,,0,1,1,0,0,2.5,0.3967,1440.0
25.0,7.0,1.0,6.0,2.0,2,1,1,0,0,3.0,0.9888,458760.0
22.0,7.0,1.0,1.0,7.0,2,0,1,1,1,4.0,0.9206,42120.0
22.25,4.0,5.0,3.0,2.0,2,1,1,0,0,4.0,0.9976,2787840.0
20.5,,,,,2,1,1,0,0,4.0,0.0,0.0
22.0,,,,,0,0,1,1,0,4.0,0.0,0.0
24.5,2.0,6.0,6.0,1.0,0,1,0,1,0,3.0,0.9904,552240.0
22.75,,,,,0,0,1,1,0,6.0,0.0,0.0
23.0,,,,,2,0,1,0,0,4.0,0.0,0.0
21.5,,,,,0,1,1,0,0,6.0,0.0,0.0
20.5,1.0,7.0,7.0,1.0,2,1,1,0,0,4.0,0.0,0.0
21.5,,,,,0,1,1,1,1,3.0,0.0,0.0
24.0,,,,,2,1,1,1,0,3.5,0.0,0.0
21.75,,,,,1,1,1,0,0,2.0,0.0,0.0
20.75,7.0,2.0,1.0,6.0,2,0,1,0,0,6.0,0.9778,202320.0
24.5,,,,,2,0,1,1,0,3.5,0.0,0.0
25.0,1.0,7.0,6.0,1.0,2,1,1,1,1,3.0,0.9502,75600.0
24.5,1.0,7.0,7.0,1.0,0,1,1,0,0,2.0,0.8822,25200.0
23.25,,,,,2,0,1,0,0,3.5,0.0,0.0
21.25,,,,,2,1,1,0,0,2.5,0.0,0.0
21.75,1.0,7.0,6.0,2.0,2,1,1,1,1,3.5,0.9286,48240.0
21.0,7.0,2.0,1.0,5.0,0,0,1,0,0,3.0,0.9682,131040.0
23.0,2.0,7.0,6.0,2.0,1,1,1,0,1,4.0,0.9894,488880.0
23.5,6.0,1.0,1.0,7.0,0,0,1,0,0,4.0,0.9575,92160.0
23.0,,,,,2,0,0,0,0,4.0,0.0,0.0
25.25,1.0,7.0,7.0,1.0,2,1,1,1,1,3.0,0.6812,5760.0
21.25,1.0,7.0,7.0,1.0,0,1,1,1,1,3.0,0.8347,15840.0
23.0,7.0,2.0,1.0,7.0,2,0,1,0,0,5.0,0.8797,24480.0
25.25,,,,,0,1,1,0,0,5.5,0.0,0.0
23.75,,,,,2,1,0,0,0,4.5,0.0,0.0
23.25,1.0,7.0,1.0,7.0,0,0,0,0,0,2.5,0.9747,172800.0
23.0,1.0,7.0,7.0,1.0,0,1,1,0,0,5.5,0.0,0.0
24.0,1.0,7.0,7.0,1.0,1,1,1,0,0,3.0,0.0,0.0
21.75,7.0,1.0,6.0,2.0,2,1,1,1,1,2.0,0.9901,529200.0
22.5,7.0,1.0,1.0,5.0,0,0,1,0,0,6.0,0.9885,443520.0
25.5,5.0,3.0,1.0,7.0,1,0,1,1,0,3.5,0.9836,290880.0
25.25,7.0,1.0,2.0,6.0,1,0,1,0,0,3.0,0.9509,77040.0
25.75,7.0,1.0,2.0,6.0,1,0,0,0,1,6.0,0.9947,1108800.0
21.25,,,,,2,1,1,1,0,3.5,0.0,0.0
23.0,5.0,4.0,2.0,6.0,1,0,1,0,1,4.5,0.9896,499680.0
22.5,7.0,1.0,1.0,7.0,0,0,1,0,0,5.0,0.8646,20880.0
24.25,1.0,7.0,6.0,2.0,0,1,1,0,0,5.0,0.945,66960.0
22.0,1.0,7.0,6.0,1.0,0,1,1,0,0,5.0,0.6561,5040.0
20.5,4.0,4.0,1.0,7.0,1,0,1,0,1,5.0,0.993,808560.0
22.75,7.0,1.0,1.0,7.0,0,0,1,1,1,3.5,0.8769,23760.0
23.75,,,,,0,1,0,1,1,6.0,0.9441,65520.0
23.75,,,,,0,0,1,1,0,4.0,0.0199,24.0
25.0,,,,,0,0,1,0,0,4.5,0.0,0.0
21.75,,,,,0,0,1,1,1,3.0,0.0,0.0
22.5,,,,,2,1,1,1,1,2.5,0.0,0.0
23.75,6.0,2.0,1.0,6.0,0,0,1,0,0,6.0,0.9311,50400.0
24.25,7.0,1.0,1.0,7.0,0,0,1,1,1,6.0,0.9367,56160.0
23.25,,,,,2,1,1,0,0,2.0,0.3967,1440.0
23.25,4.0,4.0,2.0,6.0,2,0,1,1,1,4.0,0.9878,414720.0
22.5,1.0,7.0,7.0,1.0,0,1,1,1,1,5.0,0.0,0.0
23.75,1.0,7.0,7.0,1.0,0,1,0,0,0,5.0,0.6366,4560.0
25.5,,,,,0,0,1,0,0,5.5,0.0,0.0
22.5,,,,,1,0,1,1,1,2.5,0.7747,10080.0
21.5,,,,,0,1,1,0,0,6.0,0.0,0.0
25.75,1.0,7.0,6.0,1.0,0,1,1,0,0,4.5,0.4814,2160.0
24.75,7.0,1.0,1.0,7.0,1,0,1,1,1,2.5,0.9211,42480.0
26.0,6.0,2.0,7.0,1.0,2,1,1,0,0,6.0,0.9934,861840.0
20.75,,,,,2,1,1,1,0,2.0,0.2673,720.0
22.75,6.0,2.0,1.0,6.0,0,0,1,1,1,5.0,0.9718,151920.0
21.5,,,,,2,0,1,0,0,4.0,0.0,0.0
24.75,1.0,7.0,6.0,1.0,2,1,1,1,1,2.0,0.9614,103680.0
23.75,6.0,2.0,1.0,7.0,1,0,1,0,0,5.0,0.9732,161280.0
24.0,,,,,2,1,1,0,0,3.5,0.0,0.0
25.75,7.0,1.0,7.0,1.0,1,1,1,0,0,2.0,0.9701,141120.0
20.5,,,,,0,1,1,0,0,4.0,0.0,0.0
24.25,7.0,7.0,7.0,1.0,1,1,1,1,0,2.0,0.9877,410520.0
25.5,2.0,6.0,2.0,5.0,0,0,1,0,0,5.0,0.9971,2257920.0
23.5,7.0,1.0,1.0,7.0,2,0,1,0,0,4.0,0.0,0.0
20.75,,,,,0,1,1,0,0,4.5,0.0,0.0
20.75,,,,,2,1,1,0,0,3.0,0.0,0.0
26.0,,,,,0,1,1,0,0,4.0,0.9178,40320.0
23.25,6.0,3.0,1.0,5.0,2,0,1,0,0,3.5,0.9842,305280.0
23.25,1.0,7.0,7.0,1.0,0,1,1,1,1,3.5,0.2381,600.0
23.0,1.0,7.0,7.0,1.0,2,1,1,0,0,3.0,0.0,0.0
25.25,,,,,2,0,1,0,0,2.0,0.0,0.0
23.75,,,,,2,0,1,0,0,2.0,0.0,0.0
24.75,7.0,1.0,1.0,7.0,0,0,1,1,1,4.5,0.0,0.0
20.25,1.0,7.0,1.0,7.0,2,0,1,1,0,2.0,0.9817,255840.0
24.5,,,,,0,1,1,0,0,5.0,0.0,0.0
24.25,1.0,7.0,7.0,1.0,2,1,1,0,0,6.0,0.0,0.0
24.0,1.0,7.0,1.0,7.0,2,0,1,1,0,3.0,0.9343,53520.0
20.5,7.0,1.0,1.0,7.0,0,0,1,1,1,5.0,0.0,0.0
21.5,7.0,1.0,1.0,7.0,0,0,1,1,0,4.0,0.0,0.0
22.0,1.0,7.0,7.0,1.0,0,1,1,1,1,4.5,0.8347,15840.0
21.25,7.0,1.0,1.0,7.0,0,0,1,1,1,2.0,0.8611,20160.0
24.25,7.0,1.0,7.0,1.0,2,1,1,0,0,3.0,0.9056,33720.0
25.5,,,,,2,1,1,0,0,2.0,0.0,0.0
22.0,6.0,2.0,1.0,7.0,0,0,0,0,0,4.0,0.8871,26640.0
20.5,,,,,0,0,1,0,0,5.0,0.0,0.0
23.0,,,,,2,1,1,1,1,3.0,0.0,0.0
24.75,,,,,0,1,1,0,0,4.0,0.0,0.0
22.0,1.0,7.0,7.0,1.0,1,1,1,0,0,2.5,0.0,0.0
22.5,,,,,0,1,1,0,0,4.5,0.0,0.0
21.5,1.0,7.0,4.0,2.0,0,1,0,1,1,3.0,0.9966,1895760.0
20.5,,,,,0,0,1,1,0,4.0,0.0,0.0
21.25,,,,,2,0,1,0,0,3.0,0.0,0.0
25.0,7.0,1.0,1.0,7.0,0,0,0,0,0,6.0,0.0,0.0
25.0,,,,,2,0,1,0,0,6.0,0.6561,5040.0
24.75,6.0,2.0,2.0,6.0,0,0,1,1,1,5.0,0.9843,307440.0
20.5,5.0,3.0,1.0,6.0,0,0,1,0,0,6.0,0.9931,821520.0
24.0,,,,,2,1,1,0,0,3.0,0.0,0.0
22.25,6.0,2.0,1.0,6.0,0,0,1,0,0,5.5,0.7121,6840.0
25.0,7.0,1.0,1.0,7.0,2,0,1,0,0,3.5,0.0,0.0
23.0,1.0,7.0,7.0,1.0,2,1,1,1,1,3.0,0.0,0.0
20.75,1.0,7.0,7.0,1.0,0,1,1,1,1,5.0,0.0,0.0
21.0,,,,,2,1,1,0,0,3.0,0.0,0.0
23.25,7.0,1.0,2.0,6.0,1,0,1,0,0,3.0,0.9178,40320.0
23.5,7.0,1.0,1.0,7.0,0,0,1,1,0,5.5,0.7209,7200.0
26.0,1.0,7.0,1.0,1.0,2,1,1,0,0,2.0,0.9851,325440.0
26.0,1.0,7.0,7.0,1.0,2,1,1,0,0,2.0,0.9178,40320.0
23.25,,,,,0,0,1,0,0,5.0,0.0,0.0
22.5,,,,,1,1,1,1,1,3.0,0.8646,20880.0
20.75,1.0,7.0,7.0,1.0,2,1,1,0,0,5.5,0.0,0.0
25.0,,,,,0,0,1,0,0,6.0,0.0,0.0
20.0,1.0,7.0,6.0,2.0,0,1,1,0,0,6.0,0.926,46080.0
25.75,,,,,0,1,1,0,1,3.0,0.6649,5280.0
22.5,7.0,2.0,3.0,6.0,0,0,1,1,0,6.0,0.9934,857520.0
20.25,1.0,7.0,5.0,2.0,0,1,1,1,1,6.0,0.9833,285120.0
21.5,7.0,1.0,2.0,6.0,2,0,1,0,0,4.0,0.9674,127440.0
22.25,6.0,4.0,1.0,6.0,2,0,1,0,0,5.0,0.9878,413280.0
23.5,,,,,0,0,1,0,0,2.0,0.0,0.0
25.75,,,,,1,1,0,0,0,4.0,0.0,0.0
22.5,1.0,7.0,1.0,7.0,2,0,1,0,0,5.0,0.9798,226800.0
21.25,1.0,7.0,6.0,1.0,2,1,1,0,0,3.5,0.7369,7920.0
20.25,,,,,0,0,1,1,1,2.0,0.0,0.0
20.5,,,,,0,0,1,0,0,5.0,0.0,0.0
25.25,,,,,2,1,1,0,0,6.0,0.6561,5040.0
25.25,7.0,1.0,1.0,7.0,1,0,1,1,1,2.0,0.945,66960.0
21.75,,,,,2,0,0,1,0,4.0,0.4814,2160.0
24.25,1.0,7.0,7.0,1.0,0,1,1,0,0,4.0,0.0,0.0
24.5,,,,,0,0,0,0,0,3.5,0.3967,1440.0
23.5,,,,,2,0,1,0,0,5.0,0.0,0.0
25.75,7.0,1.0,1.0,7.0,0,0,1,0,0,6.0,0.0,0.0
21.25,2.0,7.0,7.0,1.0,0,1,1,0,0,5.0,0.9637,111600.0
20.75,1.0,7.0,7.0,1.0,0,1,1,1,1,5.0,0.0,0.0
25.25,2.0,6.0,6.0,2.0,0,1,1,0,0,4.5,0.9655,118800.0
20.75,1.0,7.0,7.0,1.0,2,1,1,0,0,2.5,0.0,0.0
25.0,7.0,1.0,1.0,7.0,0,0,1,0,0,5.0,0.0,0.0
22.75,,,,,0,0,1,0,0,5.0,0.0,0.0
23.25,7.0,1.0,1.0,7.0,0,0,1,1,1,2.0,0.6812,5760.0
20.5,,,,,2,0,1,0,0,2.0,0.0,0.0
24.25,,,,,0,0,1,0,0,4.0,0.0,0.0
25.25,,,,,2,0,1,0,0,5.0,0.2673,720.0
21.0,,,,,2,0,1,1,1,4.0,0.0,0.0
25.5,7.0,1.0,1.0,5.0,0,0,1,0,0,3.5,0.9777,201600.0
22.5,,,,,2,1,1,0,0,2.0,0.0,0.0
20.25,1.0,7.0,7.0,1.0,0,1,1,0,0,6.0,0.0,0.0
19.0,1.0,7.0,7.0,1.0,2,1,1,0,1,3.0,0.9946,1089120.0
20.5,1.0,7.0,6.0,1.0,2,1,1,1,0,3.0,0.7782,10320.0
21.5,1.0,7.0,7.0,1.0,2,1,1,0,0,3.5,0.0,0.0
22.75,6.0,2.0,1.0,6.0,0,0,1,0,0,6.0,0.8292,15120.0
23.25,,,,,0,1,1,1,1,2.5,0.2673,720.0
25.0,1.0,7.0,7.0,1.0,0,1,1,1,0,4.5,0.5424,2880.0
24.5,1.0,7.0,2.0,1.0,0,1,1,0,0,5.0,0.9733,162000.0
22.75,1.0,7.0,6.0,1.0,0,1,1,1,0,5.0,0.926,46080.0
25.0,7.0,1.0,1.0,7.0,0,0,1,1,1,3.5,0.6561,5040.0
21.5,7.0,1.0,2.0,6.0,0,0,1,0,0,5.5,0.8611,20160.0
23.5,,,,,2,0,1,0,0,3.0,0.0,0.0
20.25,5.0,3.0,3.0,5.0,2,0,1,0,0,4.0,0.9959,1501920.0
22.5,7.0,1.0,1.0,7.0,2,0,0,0,0,3.0,0.0,0.0
22.5,,,,,0,1,1,0,0,4.0,0.0,0.0
20.5,7.0,1.0,1.0,7.0,0,0,1,0,1,3.5,0.8446,17280.0
24.0,,,,,2,1,1,1,1,4.5,0.0,0.0
20.75,7.0,1.0,1.0,7.0,0,0,1,0,0,4.0,0.0,0.0
20.75,,,,,0,0,1,1,0,5.0,0.0737,120.0
21.75,,,,,0,0,1,1,1,4.0,0.0,0.0
24.5,7.0,1.0,1.0,7.0,0,0,1,0,0,4.5,0.2673,720.0
24.0,,,,,0,1,1,0,0,4.0,0.0,0.0
22.75,,,,,0,0,1,0,0,2.0,0.6561,5040.0
24.0,,,,,0,0,0,0,0,6.0,0.0,0.0
21.25,1.0,7.0,7.0,1.0,0,1,0,0,0,5.0,0.8611,20160.0
25.5,7.0,1.0,1.0,6.0,0,0,1,0,0,2.5,0.9673,126960.0
24.25,1.0,7.0,7.0,1.0,2,1,1,0,0,2.0,0.589,3600.0
22.75,,,,,0,1,1,1,0,5.0,0.0,0.0
21.5,,,,,0,1,1,0,0,5.0,0.0,0.0
23.5,,,,,0,1,1,0,0,6.0,0.0,0.0
23.5,1.0,7.0,7.0,1.0,0,1,1,0,0,6.0,0.0,0.0
22.75,7.0,1.0,1.0,7.0,0,0,1,0,0,6.0,0.3967,1440.0
22.0,7.0,1.0,1.0,7.0,2,0,1,0,0,4.0,0.0,0.0
20.75,1.0,7.0,7.0,1.0,2,1,1,0,0,4.0,0.0,0.0
20.5,,,,,0,0,1,0,0,6.0,0.0,0.0
24.5,1.0,7.0,7.0,1.0,2,1,1,1,0,3.5,0.7635,9360.0
23.25,7.0,1.0,1.0,7.0,0,0,1,0,0,4.5,0.0,0.0
25.25,1.0,7.0,1.0,7.0,2,1,1,0,1,4.5,0.992,682560.0
20.25,,,,,2,0,1,0,0,2.0,0.0,0.0
23.5,1.0,7.0,7.0,1.0,2,1,1,1,1,3.0,0.0,0.0
23.5,,,,,0,1,1,1,0,5.0,0.0,0.0
21.0,,,,,0,0,1,1,0,6.0,0.0,0.0
25.5,1.0,7.0,6.0,1.0,0,1,1,0,0,5.5,0.6561,5040.0
21.75,,,,,0,0,1,1,1,4.0,0.0,0.0
20.75,1.0,7.0,7.0,1.0,0,1,1,1,1,5.0,0.0,0.0
25.5,2.0,6.0,7.0,2.0,2,1,1,1,0,2.0,0.9941,983520.0
21.5,1.0,7.0,6.0,2.0,2,1,1,0,0,5.0,0.9617,104400.0
25.25,7.0,1.0,1.0,7.0,1,0,1,0,0,2.0,0.6958,6240.0
25.5,7.0,1.0,1.0,7.0,0,0,1,1,0,4.0,0.0,0.0
23.5,6.0,2.0,1.0,7.0,2,0,1,1,0,3.5,0.9621,105960.0
21.5,7.0,1.0,1.0,7.0,0,0,1,1,0,5.0,0.8668,21360.0
22.5,3.0,5.0,2.0,6.0,0,0,1,0,0,4.0,0.996,1537200.0
25.25,,,,,2,1,1,0,0,2.0,0.0,0.0
24.25,1.0,7.0,7.0,1.0,2,1,1,0,0,3.0,0.2673,720.0
20.25,,,,,0,0,1,1,1,5.5,0.0,0.0
24.5,,,,,0,0,1,0,0,6.0,0.0,0.0
20.75,1.0,7.0,7.0,1.0,2,1,1,0,0,4.5,0.0,0.0
20.0,,,,,2,0,0,1,1,2.5,0.9367,56160.0
26.0,,,,,0,0,1,1,0,4.0,0.9311,50400.0
20.5,,,,,2,0,1,0,0,4.0,0.0,0.0
20.75,7.0,1.0,1.0,7.0,2,0,1,0,0,4.0,0.0,0.0
21.75,,,,,0,1,1,0,0,5.0,0.0,0.0
24.5,7.0,1.0,1.0,7.0,0,0,1,1,1,4.0,0.0,0.0
24.25,,,,,0,1,1,1,0,3.5,0.0737,120.0
21.5,1.0,7.0,7.0,1.0,2,1,1,1,1,2.0,0.0,0.0
21.0,6.0,2.0,7.0,1.0,0,1,1,0,0,5.0,0.9919,670320.0
24.75,1.0,7.0,7.0,1.0,1,1,1,0,0,4.0,0.5424,2880.0
22.5,,,,,0,1,1,0,0,3.0,0.0,0.0
25.0,1.0,7.0,7.0,1.0,0,1,1,0,0,4.0,0.0,0.0
22.0,,,,,2,0,0,0,0,3.0,0.0,0.0
25.0,7.0,2.0,1.0,7.0,0,0,1,1,1,3.0,0.957,90720.0
23.5,,,,,2,1,0,0,0,3.0,0.7848,10800.0
20.5,1.0,7.0,7.0,1.0,2,1,1,1,0,4.5,0.3178,960.0
23.0,7.0,1.0,1.0,7.0,2,0,1,0,0,4.5,0.0,0.0
23.0,,,,,2,1,1,0,0,3.0,0.0,0.0
22.75,,,,,0,0,0,0,0,5.0,0.0,0.0
22.25,7.0,1.0,1.0,7.0,0,0,1,0,0,4.0,0.0,0.0
21.5,1.0,1.0,1.0,6.0,0,0,1,0,0,6.0,0.991,596880.0
21.5,7.0,1.0,1.0,6.0,0,0,1,0,0,5.0,0.0,0.0
24.0,,,,,2,0,1,1,1,2.0,0.0,0.0
24.0,,,,,0,0,0,0,0,4.5,0.0,0.0
22.25,,,,,0,1,1,0,0,5.5,0.0,0.0
20.75,7.0,1.0,1.0,7.0,0,0,1,0,0,3.0,0.0,0.0
22.75,,,,,2,1,1,0,0,4.5,0.0,0.0
24.0,,,,,0,1,1,1,0,5.0,0.0,0.0
21.5,,,,,0,0,1,1,1,5.0,0.2673,720.0
21.75,,,,,0,0,1,0,0,6.0,0.0,0.0
23.0,1.0,7.0,6.0,1.0,0,1,1,1,0,2.0,0.9498,74880.0
20.25,7.0,1.0,7.0,1.0,2,1,1,0,0,3.0,0.9621,105840.0
20.5,,,,,2,0,1,0,0,4.5,0.0,0.0
24.75,1.0,7.0,1.0,6.0,0,0,0,0,0,5.0,0.9844,308880.0
25.25,7.0,1.0,1.0,7.0,0,0,1,0,0,3.0,0.0737,120.0
26.0,6.0,2.0,1.0,6.0,0,0,1,0,0,5.0,0.9933,851760.0
26.0,5.0,2.0,5.0,1.0,2,1,1,1,0,2.0,0.9968,2006640.0
22.75,,,,,2,0,1,0,0,3.0,0.0,0.0
20.25,1.0,6.0,5.0,2.0,2,1,1,0,0,3.0,0.985,323520.0
23.75,,,,,2,0,1,0,0,2.0,0.0,0.0
22.5,,,,,2,1,1,0,0,6.0,0.7747,10080.0
25.0,1.0,7.0,7.0,1.0,2,1,0,1,0,5.0,0.9697,138960.0
23.25,7.0,1.0,1.0,7.0,0,0,1,0,0,4.0,0.0,0.0
21.5,7.0,2.0,1.0,4.0,1,0,0,1,0,2.0,0.9976,2897280.0
21.0,1.0,7.0,7.0,1.0,0,1,1,0,0,5.0,0.1683,360.0
21.75,7.0,1.0,1.0,5.0,0,0,1,0,0,4.0,0.8179,13800.0
22.75,,,,,2,0,1,0,0,2.5,0.0,0.0
21.25,,,,,2,1,1,0,0,2.0,0.0,0.0
22.25,7.0,1.0,1.0,7.0,1,0,1,1,1,3.0,0.9375,57000.0
20.5,1.0,7.0,7.0,1.0,2,1,1,0,0,4.5,0.0,0.0
22.5,7.0,1.0,1.0,7.0,0,0,1,0,0,3.0,0.0,0.0
24.5,,,,,0,0,0,0,0,6.0,0.0,0.0
23.0,7.0,1.0,1.0,7.0,0,0,1,1,1,4.0,0.7369,7920.0
23.5,7.0,2.0,2.0,6.0,0,0,1,0,0,6.0,0.9605,100800.0
20.5,7.0,1.0,1.0,6.0,2,0,1,1,0,3.5,0.8035,12360.0
25.25,7.0,1.0,1.0,6.0,2,0,1,0,0,3.5,0.9227,43560.0
23.75,,,,,2,1,1,1,0,3.5,0.0737,120.0
21.25,1.0,7.0,7.0,1.0,2,1,1,1,1,5.0,0.9201,41760.0
25.25,,,,,0,0,1,1,0,2.0,0.3967,1440.0
25.5,1.0,7.0,6.0,1.0,2,1,1,0,0,4.0,0.7025,6480.0
23.5,,,,,0,1,0,1,0,3.5,0.7025,6480.0
21.25,,,,,2,0,1,1,1,3.0,0.0,0.0
23.0,,,,,2,0,1,1,0,4.5,0.1254,240.0
22.25,6.0,2.0,1.0,5.0,0,0,1,0,0,3.5,0.9703,142560.0
21.0,1.0,7.0,1.0,1.0,2,1,1,0,0,4.0,0.9752,177120.0
24.5,,,,,0,1,1,1,0,2.0,0.3967,1440.0
25.25,1.0,7.0,5.0,2.0,0,1,0,1,1,2.0,0.972,153360.0
23.75,7.0,1.0,1.0,7.0,0,0,1,0,0,4.5,0.0,0.0
25.75,,,,,0,1,1,1,0,5.0,0.0199,24.0
22.75,1.0,7.0,6.0,1.0,0,1,0,0,0,3.5,0.9596,97920.0
23.75,2.0,7.0,6.0,2.0,0,1,1,1,0,5.0,0.9783,208080.0
21.75,,,,,0,0,0,0,0,3.0,0.4814,2160.0
23.0,1.0,7.0,7.0,1.0,2,1,1,1,0,4.5,0.2938,840.0
21.75,,,,,2,0,1,1,1,4.0,0.0,0.0
24.25,1.0,7.0,7.0,1.0,2,1,1,1,0,2.0,0.5142,2520.0
22.0,7.0,1.0,1.0,7.0,2,0,1,0,0,4.0,0.0,0.0
20.75,,,,,0,1,1,0,0,3.0,0.0,0.0
24.25,,,,,2,0,1,1,1,2.5,0.0,0.0
25.25,7.0,2.0,1.0,7.0,2,0,1,0,0,4.5,0.9472,70320.0
20.5,1.0,7.0,7.0,1.0,2,1,1,1,1,4.0,0.0,0.0
23.5,7.0,1.0,1.0,7.0,0,0,1,1,1,5.0,0.8822,25200.0
23.0,1.0,7.0,6.0,1.0,0,1,1,0,0,4.5,0.8398,16560.0
25.5,7.0,1.0,1.0,7.0,0,0,1,0,0,5.0,0.0,0.0
25.5,6.0,2.0,1.0,7.0,0,0,1,1,0,4.0,0.9311,50400.0
23.75,1.0,7.0,7.0,1.0,2,1,1,1,1,4.0,0.0,0.0
22.0,,,,,2,0,1,0,0,2.5,0.0,0.0
21.75,7.0,1.0,1.0,7.0,2,0,1,0,0,2.0,0.0,0.0
23.75,,,,,2,0,1,1,1,4.0,0.0,0.0
25.5,,,,,0,0,1,1,1,6.0,0.0,0.0
25.5,1.0,7.0,7.0,1.0,0,1,1,0,0,2.0,0.8022,12240.0
21.25,,,,,2,0,1,1,1,2.5,0.0,0.0
21.0,,,,,2,1,1,1,1,4.5,0.6812,5760.0
21.25,,,,,2,1,1,1,0,5.0,0.2673,720.0
23.75,,,,,2,1,1,1,1,4.0,0.0,0.0
22.0,,,,,2,0,1,0,0,5.0,0.0,0.0
23.0,1.0,7.0,7.0,1.0,2,1,1,0,0,4.0,0.1254,240.0
20.5,,,,,0,0,1,0,0,3.5,0.0,0.0
21.5,7.0,1.0,1.0,7.0,0,0,1,1,0,6.0,0.8893,27360.0
21.0,,,,,2,0,1,0,0,3.5,0.0,0.0
21.75,,,,,0,0,1,0,0,5.0,0.0,0.0
21.5,5.0,4.0,1.0,7.0,0,0,1,0,0,5.0,0.9884,438480.0
22.75,1.0,7.0,7.0,1.0,1,1,1,0,0,4.0,0.0,0.0
23.0,7.0,1.0,1.0,7.0,0,0,1,0,0,3.5,0.0,0.0
24.25,,,,,2,0,1,0,0,4.5,0.0,0.0
22.5,,,,,0,0,1,0,0,5.0,0.0,0.0
20.5,1.0,7.0,7.0,1.0,2,1,1,1,1,4.5,0.0,0.0
23.25,7.0,1.0,1.0,7.0,1,0,1,0,0,3.5,0.7747,10080.0
25.75,1.0,7.0,6.0,2.0,2,1,1,0,0,2.0,0.9116,36720.0
25.75,,,,,0,0,1,0,0,4.0,0.0,0.0
23.5,1.0,7.0,7.0,1.0,1,1,1,0,1,4.0,0.8955,29520.0
20.25,,,,,2,0,1,0,0,2.5,0.0,0.0
21.75,5.0,2.0,1.0,7.0,0,0,1,0,0,5.0,0.9537,82800.0
20.75,7.0,1.0,1.0,7.0,2,0,1,0,0,4.5,0.0,0.0
25.0,1.0,7.0,7.0,1.0,0,1,1,0,0,4.0,0.0,0.0
24.5,,,,,2,0,1,0,0,2.5,0.0,0.0
23.75,1.0,7.0,7.0,1.0,2,1,1,1,1,4.0,0.0,0.0
20.5,7.0,1.0,1.0,7.0,0,0,1,1,1,5.0,0.0,0.0
21.25,,,,,0,0,1,0,0,6.0,0.0,0.0
23.75,5.0,3.0,1.0,6.0,0,0,1,0,0,4.0,0.8871,26640.0
22.5,1.0,7.0,6.0,1.0,0,1,1,0,0,4.0,0.0,0.0
21.5,1.0,7.0,7.0,1.0,2,1,1,0,0,4.0,0.0,0.0
24.0,,,,,2,0,1,1,0,3.0,0.0,0.0
21.75,1.0,7.0,7.0,1.0,2,1,1,0,0,3.5,0.0,0.0
23.0,1.0,7.0,7.0,1.0,0,1,1,1,0,5.0,0.8292,15120.0
20.75,1.0,7.0,7.0,1.0,2,1,1,1,1,2.0,0.8897,27480.0
23.0,4.0,5.0,7.0,1.0,0,1,1,0,0,5.0,0.9969,2116800.0
23.25,,,,,1,0,1,0,1,4.5,0.0,0.0
25.75,1.0,7.0,7.0,1.0,0,1,1,0,0,5.0,0.0,0.0
21.75,1.0,7.0,7.0,1.0,0,1,0,0,0,4.0,0.6649,5280.0
26.0,,,,,2,0,1,0,0,4.5,0.9527,80640.0
24.0,1.0,7.0,1.0,7.0,2,0,1,0,0,3.5,0.8965,29880.0
22.25,1.0,7.0,7.0,1.0,2,1,1,1,0,4.0,0.0,0.0
21.25,7.0,1.0,1.0,7.0,0,0,1,1,1,4.0,0.2673,720.0
22.5,,,,,2,1,1,0,0,3.5,0.0,0.0
22.0,,,,,2,1,1,0,0,4.0,0.0,0.0
20.75,7.0,1.0,1.0,7.0,0,0,1,1,1,3.0,0.6259,4320.0
23.25,6.0,2.0,2.0,7.0,0,0,0,0,0,4.5,0.9902,540000.0
23.0,3.0,6.0,5.0,1.0,0,1,1,1,0,4.0,0.9968,2021160.0
24.0,2.0,6.0,7.0,1.0,0,1,0,0,1,4.0,0.9889,462240.0
20.5,,,,,2,1,0,0,0,5.0,0.6812,5760.0
22.0,,,,,0,1,1,0,0,4.5,0.0,0.0
21.75,2.0,6.0,7.0,1.0,0,1,1,1,0,6.0,0.972,153360.0
22.75,7.0,1.0,1.0,7.0,0,0,1,0,0,3.5,0.0,0.0
24.75,2.0,6.0,6.0,2.0,1,1,1,0,0,3.0,0.9886,448560.0
23.75,1.0,7.0,5.0,1.0,2,1,1,0,0,4.0,0.9303,49680.0
20.5,7.0,7.0,1.0,5.0,2,0,1,0,0,4.5,0.9904,549360.0
25.75,,,,,0,0,1,0,0,3.0,0.0,0.0
22.5,5.0,4.0,1.0,5.0,1,0,1,0,0,3.0,0.9947,1120320.0
20.75,,,,,1,1,1,0,0,3.5,0.6561,5040.0
21.25,5.0,3.0,1.0,7.0,2,0,1,0,0,2.0,0.9809,241920.0
21.0,1.0,7.0,7.0,1.0,0,1,0,1,0,4.0,0.8797,24480.0
21.75,1.0,7.0,7.0,1.0,2,1,1,0,0,3.0,0.0,0.0
22.25,2.0,6.0,4.0,4.0,2,1,1,0,0,3.0,0.9978,3106080.0
25.25,1.0,7.0,7.0,1.0,2,1,1,0,0,4.0,0.0,0.0
20.75,,,,,0,1,1,1,1,2.0,0.6561,5040.0
24.25,7.0,2.0,1.0,7.0,2,0,1,0,0,2.5,0.9621,105840.0
20.5,,,,,0,1,0,0,0,5.0,0.7025,6480.0
