,Race,EduYrsEstCap,HandednessScore,EduComp,Sex,Ethnicity,Height_W1,AgeMRI_W1,Weight_W1,BMI_W1,RIG
457,5.857980995127572,6.53605290024021,5.273018494406416,6.53605290024021,0.6930740684518844,4.2141248053528475,4.951090399519053,6.857980995127572,5.15754127698648,8.857980995127573,54.934897830579814
58,5.857980995127572,8.857980995127573,4.050626073069968,3.3661278987978975,0.6930740684518844,4.2141248053528475,4.951090399519053,5.273018494406416,7.857980995127572,8.857980995127573,53.97998572010836
25,5.857980995127572,4.33441903907056,2.9510903995190536,3.3661278987978975,0.6930740684518844,4.2141248053528475,3.8135868757691185,5.857980995127572,7.857980995127572,8.857980995127573,47.80434706747165
172,5.050626073069968,4.33441903907056,6.273018494406416,3.3661278987978975,0.6930740684518844,0.08649152562697364,7.857980995127572,6.53605290024021,4.53605290024021,8.857980995127573,47.59182489015926
179,6.53605290024021,4.465663572348812,6.050626073069968,1.5004289905094885,1.3903754450445747,0.08649152562697364,5.53605290024021,6.857980995127572,7.273018494406416,7.857980995127572,47.5546718917418
328,5.857980995127572,3.273018494406416,3.5360529002402097,1.5004289905094885,1.3903754450445747,0.08649152562697364,6.857980995127572,6.857980995127572,8.857980995127573,8.857980995127573,47.07627233146553
128,5.273018494406416,3.8579809951275723,7.273018494406416,3.8579809951275723,1.3903754450445747,4.2141248053528475,3.6100534816839867,6.050626073069968,4.610053481683987,6.53605290024021,46.67328516614354
48,5.857980995127572,3.8579809951275723,4.33441903907056,3.8579809951275723,1.3903754450445747,4.2141248053528475,4.103093492964104,5.68805599368526,4.465663572348812,8.857980995127573,46.62765632897644
32,5.857980995127572,8.857980995127573,2.9510903995190536,1.5004289905094885,0.6930740684518844,4.2141248053528475,3.728697978182606,6.050626073069968,5.398549376490275,7.273018494406416,46.52557217623768
51,5.273018494406416,2.6100534816839867,7.273018494406416,1.5004289905094885,0.6930740684518844,4.2141248053528475,3.8135868757691185,6.53605290024021,6.53605290024021,7.857980995127572,46.307392006188145
356,5.273018494406416,3.6880559936852597,4.050626073069968,1.5004289905094885,0.6930740684518844,4.2141248053528475,3.728697978182606,6.050626073069968,7.857980995127572,8.857980995127573,45.91461446698358
279,5.273018494406416,4.465663572348812,4.273018494406416,1.5004289905094885,0.6930740684518844,4.2141248053528475,3.728697978182606,4.857980995127572,7.857980995127572,8.857980995127573,45.72196938904118
379,5.273018494406416,7.273018494406416,4.33441903907056,3.3661278987978975,1.3903754450445747,0.08649152562697364,4.15754127698648,5.857980995127572,5.857980995127572,7.857980995127572,45.454935159722034
216,0.23227215206310664,6.53605290024021,2.9510903995190536,6.53605290024021,0.6930740684518844,0.08649152562697364,3.728697978182606,7.857980995127572,7.273018494406416,8.857980995127573,44.752712408985616
9,5.273018494406416,1.857980995127572,2.9510903995190536,1.9631632318196284,0.6930740684518844,4.2141248053528475,3.0766212816029124,6.857980995127572,8.857980995127573,8.857980995127573,44.60301626166303
341,5.273018494406416,7.273018494406416,4.103093492964104,1.5004289905094885,1.3903754450445747,4.2141248053528475,3.4656635723488116,4.610053481683987,4.857980995127572,7.857980995127572,44.54573876697179
395,5.050626073069968,3.273018494406416,6.273018494406416,1.5004289905094885,1.3903754450445747,0.08649152562697364,4.103093492964104,6.53605290024021,7.273018494406416,8.857980995127573,44.34410490580214
61,5.273018494406416,2.554200246950469,1.6780719051126378,3.3661278987978975,0.6930740684518844,4.2141248053528475,3.5725787762653236,6.050626073069968,7.857980995127572,8.857980995127573,44.117784258662596
85,0.23227215206310664,6.53605290024021,4.273018494406416,6.53605290024021,1.3903754450445747,0.08649152562697364,5.68805599368526,6.050626073069968,4.398549376490275,8.857980995127573,44.04947585599457
59,5.050626073069968,3.8579809951275723,4.103093492964104,3.8579809951275723,0.6930740684518844,0.08649152562697364,3.0766212816029124,6.53605290024021,7.857980995127572,8.857980995127573,43.97788332246634
352,0.23227215206310664,2.6100534816839867,6.050626073069968,1.5004289905094885,0.6930740684518844,4.2141248053528475,6.050626073069968,5.68805599368526,7.857980995127572,8.857980995127573,43.75522362814165
229,0.23227215206310664,2.6100534816839867,4.103093492964104,1.5004289905094885,1.3903754450445747,4.2141248053528475,8.857980995127573,4.610053481683987,7.273018494406416,8.857980995127573,43.64938233396366
112,5.050626073069968,3.8579809951275723,2.9510903995190536,3.8579809951275723,0.6930740684518844,0.08649152562697364,3.8135868757691185,6.53605290024021,7.857980995127572,8.857980995127573,43.5628458231875
170,4.103093492964104,3.6880559936852597,3.648527629498622,1.5004289905094885,0.6930740684518844,0.08649152562697364,6.857980995127572,5.68805599368526,7.857980995127572,8.857980995127573,42.98167067980431
380,4.103093492964104,3.6880559936852597,1.6780719051126378,4.15754127698648,1.3903754450445747,0.08649152562697364,5.857980995127572,6.857980995127572,6.273018494406416,8.857980995127573,42.950591119209165
397,5.273018494406416,2.554200246950469,8.857980995127573,2.6880559936852597,1.3903754450445747,0.08649152562697364,4.103093492964104,5.53605290024021,5.53605290024021,6.857980995127572,42.88330298941336
13,0.23227215206310664,3.8579809951275723,7.857980995127572,3.8579809951275723,0.6930740684518844,0.08649152562697364,3.6100534816839867,4.770518153877233,8.857980995127573,8.857980995127573,42.682314357341056
146,5.857980995127572,3.6880559936852597,3.648527629498622,4.15754127698648,1.3903754450445747,0.08649152562697364,4.15754127698648,6.53605290024021,5.857980995127572,7.273018494406416,42.65356653273016
377,4.103093492964104,2.554200246950469,4.103093492964104,2.6880559936852597,0.6930740684518844,0.08649152562697364,3.4656635723488116,6.857980995127572,8.857980995127573,8.857980995127573,42.26761537837433
387,0.23227215206310664,4.33441903907056,4.103093492964104,3.3661278987978975,1.3903754450445747,0.08649152562697364,6.857980995127572,5.68805599368526,7.273018494406416,8.857980995127573,42.189816031914035
33,0.23227215206310664,7.273018494406416,4.33441903907056,3.3661278987978975,1.3903754450445747,0.08649152562697364,4.050626073069968,6.53605290024021,6.050626073069968,8.857980995127573,42.17799059651725
154,7.273018494406416,4.465663572348812,2.9510903995190536,1.5004289905094885,1.3903754450445747,0.08649152562697364,4.103093492964104,6.53605290024021,4.610053481683987,8.857980995127573,41.77424929747119
419,6.53605290024021,3.8579809951275723,1.6780719051126378,3.8579809951275723,0.6930740684518844,0.08649152562697364,3.4656635723488116,6.857980995127572,5.857980995127572,8.857980995127573,41.74925894741838
257,4.103093492964104,2.6100534816839867,6.273018494406416,1.5004289905094885,1.3903754450445747,0.08649152562697364,4.050626073069968,5.53605290024021,7.273018494406416,8.857980995127573,41.68113989307972
134,0.23227215206310664,4.33441903907056,3.648527629498622,3.3661278987978975,0.6930740684518844,0.08649152562697364,7.857980995127572,6.53605290024021,6.050626073069968,8.857980995127573,41.66355327707437
343,0.23227215206310664,3.273018494406416,7.857980995127572,1.5004289905094885,0.6930740684518844,4.2141248053528475,6.050626073069968,5.273018494406416,4.610053481683987,7.857980995127572,41.562578550199255
73,0.23227215206310664,2.554200246950469,6.273018494406416,2.6880559936852597,1.3903754450445747,0.08649152562697364,3.6880559936852597,6.857980995127572,8.857980995127573,8.857980995127573,41.48641283684478
290,4.103093492964104,1.857980995127572,2.9510903995190536,1.9631632318196284,1.3903754450445747,0.08649152562697364,5.68805599368526,7.273018494406416,7.273018494406416,8.857980995127573,41.444269067727575
453,6.53605290024021,3.273018494406416,1.6780719051126378,1.5004289905094885,0.6930740684518844,0.08649152562697364,4.050626073069968,6.857980995127572,7.857980995127572,8.857980995127573,41.3917069428003
240,0.23227215206310664,6.53605290024021,1.6780719051126378,6.53605290024021,0.6930740684518844,0.08649152562697364,3.8135868757691185,5.050626073069968,7.857980995127572,8.857980995127573,41.34219039082926
84,5.857980995127572,2.554200246950469,4.103093492964104,2.6880559936852597,1.3903754450445747,0.08649152562697364,3.6880559936852597,6.050626073069968,5.857980995127572,8.857980995127573,41.13484175640933
26,0.23227215206310664,2.554200246950469,6.050626073069968,2.6880559936852597,1.3903754450445747,0.08649152562697364,5.53605290024021,6.857980995127572,6.857980995127572,8.857980995127573,41.11201732206328
297,0.23227215206310664,6.53605290024021,3.5360529002402097,6.53605290024021,1.3903754450445747,0.08649152562697364,3.6880559936852597,5.68805599368526,4.53605290024021,8.857980995127573,41.087443706193596
393,5.050626073069968,3.273018494406416,5.273018494406416,1.5004289905094885,1.3903754450445747,0.08649152562697364,4.15754127698648,5.857980995127572,6.53605290024021,7.857980995127572,40.983515190545674
67,0.23227215206310664,4.465663572348812,8.857980995127573,1.5004289905094885,1.3903754450445747,0.08649152562697364,4.15754127698648,7.273018494406416,5.53605290024021,7.273018494406416,40.77284384676005
138,0.23227215206310664,2.554200246950469,1.6780719051126378,3.3661278987978975,1.3903754450445747,0.08649152562697364,6.857980995127572,6.857980995127572,8.857980995127573,8.857980995127573,40.73946315410595
342,0.23227215206310664,8.857980995127573,4.103093492964104,3.3661278987978975,0.6930740684518844,0.08649152562697364,3.728697978182606,6.53605290024021,5.273018494406416,7.857980995127572,40.734790500988346
82,4.103093492964104,3.8579809951275723,1.6780719051126378,3.8579809951275723,1.3903754450445747,0.08649152562697364,3.5725787762653236,6.050626073069968,7.273018494406416,8.857980995127573,40.72819869787271
448,0.23227215206310664,4.33441903907056,1.6780719051126378,3.3661278987978975,1.3903754450445747,0.08649152562697364,5.857980995127572,5.857980995127572,8.857980995127573,8.857980995127573,40.519681946226044
125,5.050626073069968,2.554200246950469,4.103093492964104,2.6880559936852597,0.6930740684518844,0.08649152562697364,3.0766212816029124,6.050626073069968,7.273018494406416,8.857980995127573,40.43378824495553
21,5.050626073069968,4.33441903907056,3.648527629498622,3.3661278987978975,0.6930740684518844,0.08649152562697364,3.4656635723488116,5.857980995127572,6.050626073069968,7.857980995127572,40.41151787018983
42,0.23227215206310664,8.857980995127573,4.103093492964104,3.3661278987978975,0.6930740684518844,0.08649152562697364,3.8135868757691185,5.68805599368526,4.68805599368526,8.857980995127573,40.386719991298754
183,0.23227215206310664,3.8579809951275723,4.050626073069968,3.8579809951275723,0.6930740684518844,0.08649152562697364,3.8135868757691185,6.050626073069968,8.857980995127573,8.857980995127573,40.358600748561315
80,0.23227215206310664,4.33441903907056,4.050626073069968,3.3661278987978975,1.3903754450445747,0.08649152562697364,4.53605290024021,5.53605290024021,7.857980995127572,8.857980995127573,40.248379924408646
190,0.23227215206310664,1.857980995127572,8.857980995127573,1.9631632318196284,1.3903754450445747,0.08649152562697364,3.5725787762653236,6.050626073069968,7.273018494406416,8.857980995127573,40.14246868367871
321,0.23227215206310664,3.273018494406416,6.050626073069968,1.5004289905094885,0.6930740684518844,0.08649152562697364,3.728697978182606,7.857980995127572,7.857980995127572,8.857980995127573,40.13855226769316
400,6.53605290024021,3.6880559936852597,1.6780719051126378,1.5004289905094885,0.6930740684518844,0.08649152562697364,3.0766212816029124,5.050626073069968,8.857980995127573,8.857980995127573,40.025384728554485
0,0.23227215206310664,3.273018494406416,1.6780719051126378,1.5004289905094885,1.3903754450445747,0.08649152562697364,8.857980995127573,5.273018494406416,8.857980995127573,8.857980995127573,40.00761999255233
370,0.23227215206310664,1.857980995127572,2.9510903995190536,3.3661278987978975,0.6930740684518844,4.2141248053528475,3.8135868757691185,6.050626073069968,7.857980995127572,8.857980995127573,39.89484525840659
220,4.103093492964104,2.6100534816839867,1.6780719051126378,1.5004289905094885,1.3903754450445747,0.08649152562697364,5.857980995127572,7.273018494406416,6.53605290024021,8.857980995127573,39.89354822584353
228,0.23227215206310664,3.6880559936852597,7.857980995127572,4.15754127698648,0.6930740684518844,0.08649152562697364,3.0766212816029124,5.68805599368526,5.53605290024021,8.857980995127573,39.874127182597235
446,0.23227215206310664,4.465663572348812,4.273018494406416,1.5004289905094885,0.6930740684518844,0.08649152562697364,3.8135868757691185,6.857980995127572,8.857980995127573,8.857980995127573,39.63847866455852
52,5.050626073069968,3.8579809951275723,1.6780719051126378,3.8579809951275723,0.6930740684518844,0.08649152562697364,3.5725787762653236,5.857980995127572,6.050626073069968,8.857980995127573,39.56339240210704
20,5.050626073069968,4.33441903907056,1.6780719051126378,3.3661278987978975,1.3903754450445747,0.08649152562697364,4.103093492964104,5.857980995127572,4.770518153877233,8.857980995127573,39.49568552381909
454,0.23227215206310664,2.6100534816839867,4.273018494406416,1.5004289905094885,1.3903754450445747,0.08649152562697364,5.53605290024021,6.050626073069968,8.857980995127573,8.857980995127573,39.39528105289987
392,5.050626073069968,3.273018494406416,4.273018494406416,1.5004289905094885,1.3903754450445747,0.08649152562697364,4.15754127698648,6.050626073069968,4.68805599368526,8.857980995127573,39.32816336193312
122,5.273018494406416,3.273018494406416,1.6780719051126378,1.5004289905094885,1.3903754450445747,4.2141248053528475,3.6100534816839867,6.050626073069968,4.465663572348812,7.857980995127572,39.31336225706272
248,0.23227215206310664,1.857980995127572,3.5360529002402097,3.3661278987978975,1.3903754450445747,0.08649152562697364,5.53605290024021,5.53605290024021,8.857980995127573,8.857980995127573,39.257368707635905
36,5.050626073069968,3.273018494406416,3.5360529002402097,1.5004289905094885,1.3903754450445747,0.08649152562697364,3.6100534816839867,6.53605290024021,5.398549376490275,8.857980995127573,39.239630182439676
325,0.23227215206310664,1.857980995127572,7.273018494406416,1.9631632318196284,0.6930740684518844,0.08649152562697364,7.273018494406416,6.53605290024021,4.465663572348812,8.857980995127573,39.23871642961859
300,0.23227215206310664,2.6100534816839867,4.103093492964104,1.5004289905094885,1.3903754450445747,0.08649152562697364,5.53605290024021,6.050626073069968,8.857980995127573,8.857980995127573,39.22535605145755
351,0.23227215206310664,6.53605290024021,3.648527629498622,1.5004289905094885,0.6930740684518844,0.08649152562697364,3.0766212816029124,5.68805599368526,8.857980995127573,8.857980995127573,39.17748653193361
230,0.23227215206310664,1.857980995127572,7.857980995127572,1.9631632318196284,1.3903754450445747,0.08649152562697364,3.6880559936852597,5.273018494406416,7.857980995127572,8.857980995127573,39.06530082315625
173,0.23227215206310664,1.857980995127572,3.648527629498622,1.9631632318196284,0.6930740684518844,4.2141248053528475,3.4656635723488116,6.857980995127572,7.273018494406416,8.857980995127573,39.06378693932403
27,0.23227215206310664,3.6880559936852597,3.5360529002402097,4.15754127698648,1.3903754450445747,0.08649152562697364,5.857980995127572,5.68805599368526,6.53605290024021,7.857980995127572,39.03086017782722
97,0.23227215206310664,3.8579809951275723,4.050626073069968,3.8579809951275723,0.6930740684518844,0.08649152562697364,3.728697978182606,4.770518153877233,8.857980995127573,8.857980995127573,38.99360393178206
442,0.23227215206310664,2.554200246950469,4.33441903907056,2.6880559936852597,1.3903754450445747,0.08649152562697364,3.6880559936852597,7.273018494406416,7.857980995127572,8.857980995127573,38.96285088078776
105,0.23227215206310664,3.273018494406416,5.273018494406416,1.5004289905094885,1.3903754450445747,0.08649152562697364,5.53605290024021,6.53605290024021,7.273018494406416,7.857980995127572,38.95871039207138
41,0.23227215206310664,1.857980995127572,3.5360529002402097,3.3661278987978975,1.3903754450445747,4.2141248053528475,4.050626073069968,5.857980995127572,5.53605290024021,8.857980995127573,38.89957516019153
273,0.23227215206310664,3.273018494406416,7.273018494406416,1.5004289905094885,1.3903754450445747,0.08649152562697364,5.857980995127572,4.770518153877233,6.53605290024021,7.857980995127572,38.77813814642956
163,5.050626073069968,2.554200246950469,3.648527629498622,2.6880559936852597,1.3903754450445747,0.08649152562697364,4.050626073069968,6.050626073069968,5.398549376490275,7.857980995127572,38.77605943163365
389,0.23227215206310664,1.857980995127572,3.648527629498622,1.9631632318196284,0.6930740684518844,0.08649152562697364,8.857980995127573,5.273018494406416,7.273018494406416,8.857980995127573,38.74350858165576
288,4.103093492964104,3.273018494406416,6.050626073069968,1.5004289905094885,0.6930740684518844,0.08649152562697364,3.4656635723488116,5.273018494406416,5.398549376490275,8.857980995127573,38.70194508340191
391,5.050626073069968,3.6880559936852597,1.6780719051126378,4.15754127698648,1.3903754450445747,0.08649152562697364,3.6880559936852597,6.050626073069968,5.050626073069968,7.857980995127572,38.698451354478664
254,4.103093492964104,4.465663572348812,0.0,1.5004289905094885,1.3903754450445747,0.08649152562697364,3.6880559936852597,5.68805599368526,8.857980995127573,8.857980995127573,38.63812700411962
90,0.23227215206310664,6.53605290024021,4.273018494406416,1.5004289905094885,0.6930740684518844,0.08649152562697364,6.050626073069968,5.857980995127572,4.53605290024021,8.857980995127573,38.6239790948634
434,0.23227215206310664,1.857980995127572,7.857980995127572,1.9631632318196284,1.3903754450445747,0.08649152562697364,3.4656635723488116,6.857980995127572,6.050626073069968,8.857980995127573,38.62051598048335
30,4.103093492964104,1.857980995127572,2.9510903995190536,1.9631632318196284,0.6930740684518844,0.08649152562697364,6.857980995127572,6.53605290024021,4.610053481683987,8.857980995127573,38.51696208568856
62,0.23227215206310664,4.33441903907056,5.273018494406416,3.3661278987978975,0.6930740684518844,0.08649152562697364,4.53605290024021,5.857980995127572,5.273018494406416,8.857980995127573,38.510436563318606
239,0.23227215206310664,1.857980995127572,4.050626073069968,1.9631632318196284,0.6930740684518844,0.08649152562697364,8.857980995127573,4.610053481683987,7.273018494406416,8.857980995127573,38.482642012504684
224,4.103093492964104,3.6880559936852597,1.6780719051126378,4.15754127698648,0.6930740684518844,0.08649152562697364,3.0766212816029124,5.273018494406416,6.857980995127572,8.857980995127573,38.47193002909181
401,0.23227215206310664,3.8579809951275723,1.6780719051126378,3.8579809951275723,1.3903754450445747,0.08649152562697364,4.15754127698648,5.398549376490275,8.857980995127573,8.857980995127573,38.375225661834335
340,0.23227215206310664,1.857980995127572,6.273018494406416,1.9631632318196284,1.3903754450445747,0.08649152562697364,3.5725787762653236,5.273018494406416,8.857980995127573,8.857980995127573,38.36486110501515
227,0.23227215206310664,6.53605290024021,1.6780719051126378,1.5004289905094885,0.6930740684518844,0.08649152562697364,4.951090399519053,6.53605290024021,7.273018494406416,8.857980995127573,38.34453433129755
255,0.23227215206310664,2.554200246950469,3.648527629498622,2.6880559936852597,0.6930740684518844,0.08649152562697364,6.857980995127572,5.857980995127572,6.857980995127572,8.857980995127573,38.334545596786604
386,0.23227215206310664,3.8579809951275723,4.103093492964104,3.8579809951275723,1.3903754450445747,0.08649152562697364,4.050626073069968,4.610053481683987,7.273018494406416,8.857980995127573,38.319873650241846
410,0.23227215206310664,4.33441903907056,4.103093492964104,3.3661278987978975,1.3903754450445747,0.08649152562697364,7.857980995127572,4.610053481683987,4.465663572348812,7.857980995127572,38.30445859785516
292,0.23227215206310664,3.8579809951275723,4.273018494406416,3.8579809951275723,0.6930740684518844,0.08649152562697364,3.6100534816839867,5.53605290024021,7.273018494406416,8.857980995127573,38.27792410226171
127,0.23227215206310664,3.6880559936852597,4.050626073069968,4.15754127698648,0.6930740684518844,0.08649152562697364,3.5725787762653236,6.050626073069968,6.857980995127572,8.857980995127573,38.24722792947411
81,0.23227215206310664,2.554200246950469,4.050626073069968,2.6880559936852597,0.6930740684518844,0.08649152562697364,8.857980995127573,5.53605290024021,4.68805599368526,8.857980995127573,38.24479094402828
159,0.23227215206310664,1.857980995127572,4.103093492964104,1.9631632318196284,1.3903754450445747,0.08649152562697364,5.68805599368526,5.15754127698648,8.857980995127573,8.857980995127573,38.19493610357284
431,0.23227215206310664,3.8579809951275723,2.9510903995190536,3.8579809951275723,1.3903754450445747,0.08649152562697364,4.050626073069968,6.050626073069968,6.857980995127572,8.857980995127573,38.19340564890393
365,0.23227215206310664,3.273018494406416,4.050626073069968,1.5004289905094885,0.6930740684518844,0.08649152562697364,4.951090399519053,5.68805599368526,8.857980995127573,8.857980995127573,38.1910196875873
11,0.23227215206310664,3.8579809951275723,7.273018494406416,3.8579809951275723,1.3903754450445747,0.08649152562697364,3.4656635723488116,5.15754127698648,5.53605290024021,7.273018494406416,38.13039585137814
111,5.273018494406416,1.857980995127572,2.9510903995190536,1.9631632318196284,0.6930740684518844,4.2141248053528475,3.0766212816029124,6.53605290024021,4.68805599368526,6.857980995127572,38.11116316533336
337,0.23227215206310664,1.857980995127572,7.273018494406416,1.9631632318196284,1.3903754450445747,0.08649152562697364,6.857980995127572,5.050626073069968,4.53605290024021,8.857980995127573,38.10594280765359
50,4.103093492964104,3.273018494406416,1.6780719051126378,1.5004289905094885,0.6930740684518844,0.08649152562697364,3.728697978182606,7.857980995127572,7.857980995127572,7.273018494406416,38.05185693991567
137,0.23227215206310664,3.8579809951275723,1.6780719051126378,3.8579809951275723,0.6930740684518844,0.08649152562697364,3.8135868757691185,6.050626073069968,8.857980995127573,8.857980995127573,37.98604658060398
117,0.23227215206310664,2.6100534816839867,6.050626073069968,1.5004289905094885,1.3903754450445747,0.08649152562697364,5.857980995127572,6.53605290024021,4.857980995127572,8.857980995127573,37.98024355362102
35,0.23227215206310664,4.33441903907056,2.9510903995190536,3.3661278987978975,1.3903754450445747,0.08649152562697364,3.5725787762653236,8.857980995127573,5.857980995127572,7.273018494406416,37.92233572104905
166,0.23227215206310664,3.6880559936852597,1.6780719051126378,4.15754127698648,0.6930740684518844,0.08649152562697364,4.951090399519053,5.68805599368526,7.857980995127572,8.857980995127573,37.8906153053858
320,4.103093492964104,2.554200246950469,1.6780719051126378,2.6880559936852597,1.3903754450445747,0.08649152562697364,4.103093492964104,5.53605290024021,6.857980995127572,8.857980995127573,37.85539699284348
198,0.23227215206310664,3.6880559936852597,4.103093492964104,4.15754127698648,1.3903754450445747,0.08649152562697364,4.15754127698648,6.273018494406416,5.857980995127572,7.857980995127572,37.80435164801854
334,0.23227215206310664,3.6880559936852597,1.6780719051126378,4.15754127698648,0.6930740684518844,0.08649152562697364,3.8135868757691185,7.273018494406416,8.857980995127573,7.273018494406416,37.753111781635866
69,0.23227215206310664,1.857980995127572,3.648527629498622,1.9631632318196284,0.6930740684518844,0.08649152562697364,6.857980995127572,7.273018494406416,6.273018494406416,8.857980995127573,37.74350858165576
31,5.273018494406416,2.554200246950469,1.6780719051126378,2.6880559936852597,1.3903754450445747,0.08649152562697364,3.5725787762653236,6.857980995127572,4.770518153877233,8.857980995127573,37.729272531224034
429,0.23227215206310664,3.8579809951275723,3.648527629498622,3.8579809951275723,0.6930740684518844,0.08649152562697364,3.0766212816029124,6.050626073069968,7.273018494406416,8.857980995127573,37.6345742101026
318,0.23227215206310664,4.465663572348812,4.050626073069968,1.5004289905094885,0.6930740684518844,0.08649152562697364,6.050626073069968,5.15754127698648,6.53605290024021,8.857980995127573,37.63075762749447
156,0.23227215206310664,2.554200246950469,3.5360529002402097,3.3661278987978975,1.3903754450445747,0.08649152562697364,5.68805599368526,6.857980995127572,6.050626073069968,7.857980995127572,37.6201642257336
422,0.23227215206310664,2.6100534816839867,1.6780719051126378,1.5004289905094885,0.6930740684518844,0.08649152562697364,8.857980995127573,6.53605290024021,6.53605290024021,8.857980995127573,37.588459914183645
68,6.53605290024021,2.6100534816839867,4.050626073069968,1.5004289905094885,0.6930740684518844,0.08649152562697364,3.0766212816029124,7.273018494406416,4.857980995127572,6.857980995127572,37.542328805846985
278,0.23227215206310664,3.6880559936852597,4.273018494406416,4.15754127698648,0.6930740684518844,0.08649152562697364,3.0766212816029124,4.610053481683987,7.857980995127572,8.857980995127573,37.533090264762166
317,0.23227215206310664,1.857980995127572,3.5360529002402097,1.9631632318196284,1.3903754450445747,0.08649152562697364,7.857980995127572,5.857980995127572,5.857980995127572,8.857980995127573,37.49826023043235
64,0.23227215206310664,2.554200246950469,5.273018494406416,2.6880559936852597,1.3903754450445747,0.08649152562697364,3.6880559936852597,4.857980995127572,7.857980995127572,8.857980995127573,37.48641283684478
249,4.103093492964104,3.6880559936852597,1.6780719051126378,1.5004289905094885,0.6930740684518844,0.08649152562697364,3.4656635723488116,5.53605290024021,7.857980995127572,8.857980995127573,37.46689443919452
283,0.23227215206310664,3.6880559936852597,4.103093492964104,1.5004289905094885,0.6930740684518844,0.08649152562697364,3.728697978182606,5.68805599368526,8.857980995127573,8.857980995127573,37.43613218542383
74,0.23227215206310664,3.6880559936852597,4.33441903907056,4.15754127698648,0.6930740684518844,0.08649152562697364,3.0766212816029124,6.857980995127572,5.398549376490275,8.857980995127573,37.3829867042326
63,0.23227215206310664,3.273018494406416,3.648527629498622,1.5004289905094885,0.6930740684518844,0.08649152562697364,3.6100534816839867,6.53605290024021,8.857980995127573,8.857980995127573,37.29588123273584
34,0.23227215206310664,4.33441903907056,4.103093492964104,3.3661278987978975,0.6930740684518844,0.08649152562697364,3.4656635723488116,6.050626073069968,6.857980995127572,7.857980995127572,37.04772981264845
262,0.23227215206310664,2.554200246950469,6.050626073069968,2.6880559936852597,1.3903754450445747,0.08649152562697364,3.5725787762653236,5.53605290024021,6.050626073069968,8.857980995127573,37.01926018114342
450,0.23227215206310664,2.554200246950469,2.9510903995190536,2.6880559936852597,0.6930740684518844,0.08649152562697364,4.53605290024021,6.53605290024021,7.857980995127572,8.857980995127573,36.99325217703232
282,0.23227215206310664,1.857980995127572,5.273018494406416,1.9631632318196284,1.3903754450445747,0.08649152562697364,3.6880559936852597,4.770518153877233,8.857980995127573,8.857980995127573,36.97783798190591
462,0.23227215206310664,1.857980995127572,2.9510903995190536,1.9631632318196284,1.3903754450445747,0.08649152562697364,7.857980995127572,7.273018494406416,4.465663572348812,8.857980995127573,36.93601780621128
372,0.23227215206310664,3.8579809951275723,3.5360529002402097,3.8579809951275723,1.3903754450445747,0.08649152562697364,3.6880559936852597,5.53605290024021,5.857980995127572,8.857980995127573,36.90122489741063
345,0.23227215206310664,1.857980995127572,4.273018494406416,1.9631632318196284,1.3903754450445747,0.08649152562697364,5.68805599368526,5.68805599368526,6.857980995127572,8.857980995127573,36.89537582171394
456,0.23227215206310664,2.554200246950469,1.6780719051126378,2.6880559936852597,1.3903754450445747,0.08649152562697364,3.6880559936852597,6.857980995127572,8.857980995127573,8.857980995127573,36.891466247551
180,0.23227215206310664,3.8579809951275723,3.648527629498622,3.8579809951275723,0.6930740684518844,0.08649152562697364,3.4656635723488116,6.857980995127572,5.273018494406416,8.857980995127573,36.8309714229061
196,0.23227215206310664,4.33441903907056,1.6780719051126378,3.3661278987978975,1.3903754450445747,0.08649152562697364,4.15754127698648,5.857980995127572,6.857980995127572,8.857980995127573,36.819242228084946
396,0.23227215206310664,2.554200246950469,7.857980995127572,2.6880559936852597,0.6930740684518844,0.08649152562697364,3.5725787762653236,5.68805599368526,5.53605290024021,7.857980995127572,36.766743647223635
247,0.23227215206310664,1.857980995127572,4.103093492964104,1.9631632318196284,1.3903754450445747,0.08649152562697364,7.857980995127572,5.53605290024021,4.857980995127572,8.857980995127573,36.74337272826889
305,0.23227215206310664,4.465663572348812,3.5360529002402097,1.5004289905094885,0.6930740684518844,0.08649152562697364,4.951090399519053,5.53605290024021,6.857980995127572,8.857980995127573,36.717088499254885
98,0.23227215206310664,1.857980995127572,6.050626073069968,1.9631632318196284,1.3903754450445747,0.08649152562697364,3.6880559936852597,6.050626073069968,6.53605290024021,8.857980995127573,36.71362538487483
54,0.23227215206310664,3.8579809951275723,1.6780719051126378,3.8579809951275723,1.3903754450445747,0.08649152562697364,3.5725787762653236,6.273018494406416,6.857980995127572,8.857980995127573,36.66473227902932
390,0.23227215206310664,6.53605290024021,4.103093492964104,1.5004289905094885,0.6930740684518844,0.08649152562697364,4.050626073069968,6.050626073069968,4.53605290024021,8.857980995127573,36.64669917136349
199,0.23227215206310664,2.6100534816839867,1.6780719051126378,1.5004289905094885,1.3903754450445747,0.08649152562697364,6.857980995127572,5.53605290024021,7.857980995127572,8.857980995127573,36.6076893856637
403,0.23227215206310664,2.554200246950469,1.6780719051126378,2.6880559936852597,0.6930740684518844,4.2141248053528475,3.728697978182606,5.68805599368526,6.273018494406416,8.857980995127573,36.60755263301806
276,0.23227215206310664,1.857980995127572,4.103093492964104,1.9631632318196284,1.3903754450445747,0.08649152562697364,3.6880559936852597,5.53605290024021,8.857980995127573,8.857980995127573,36.57344772682657
70,4.103093492964104,1.857980995127572,6.050626073069968,1.9631632318196284,0.6930740684518844,0.08649152562697364,3.4656635723488116,6.53605290024021,4.53605290024021,7.273018494406416,36.56521725429578
121,0.23227215206310664,1.857980995127572,6.050626073069968,3.3661278987978975,0.6930740684518844,0.08649152562697364,3.4656635723488116,6.53605290024021,5.398549376490275,8.857980995127573,36.54481955734427
37,0.23227215206310664,3.8579809951275723,1.6780719051126378,3.8579809951275723,0.6930740684518844,0.08649152562697364,4.951090399519053,6.050626073069968,6.273018494406416,8.857980995127573,36.538587603632756
307,0.23227215206310664,3.273018494406416,2.9510903995190536,1.5004289905094885,1.3903754450445747,0.08649152562697364,4.103093492964104,7.273018494406416,6.857980995127572,8.857980995127573,36.52575098479528
238,0.23227215206310664,1.857980995127572,3.5360529002402097,1.9631632318196284,0.6930740684518844,0.08649152562697364,4.15754127698648,6.273018494406416,8.857980995127573,8.857980995127573,36.515556634977415
100,0.23227215206310664,3.6880559936852597,1.6780719051126378,4.15754127698648,1.3903754450445747,0.08649152562697364,4.15754127698648,5.398549376490275,6.857980995127572,8.857980995127573,36.50486094225093
414,0.23227215206310664,3.6880559936852597,4.103093492964104,1.5004289905094885,1.3903754450445747,0.08649152562697364,5.857980995127572,6.273018494406416,5.398549376490275,7.857980995127572,36.38824746104534
398,0.23227215206310664,3.273018494406416,4.103093492964104,1.5004289905094885,0.6930740684518844,0.08649152562697364,3.6100534816839867,5.15754127698648,8.857980995127573,8.857980995127573,36.371935472947584
1,0.23227215206310664,2.554200246950469,4.103093492964104,2.6880559936852597,1.3903754450445747,0.08649152562697364,4.53605290024021,5.050626073069968,7.857980995127572,7.857980995127572,36.35712981989981
265,0.23227215206310664,3.273018494406416,1.6780719051126378,1.5004289905094885,0.6930740684518844,0.08649152562697364,7.273018494406416,4.857980995127572,7.857980995127572,8.857980995127573,36.310318615959645
6,0.23227215206310664,1.857980995127572,4.33441903907056,1.9631632318196284,0.6930740684518844,0.08649152562697364,4.951090399519053,6.050626073069968,7.273018494406416,8.857980995127573,36.30011697428273
286,0.23227215206310664,7.273018494406416,2.9510903995190536,3.3661278987978975,0.6930740684518844,0.08649152562697364,3.4656635723488116,5.398549376490275,5.53605290024021,7.273018494406416,36.27535888235105
158,0.23227215206310664,4.33441903907056,6.050626073069968,3.3661278987978975,0.6930740684518844,0.08649152562697364,3.0766212816029124,6.53605290024021,4.610053481683987,7.273018494406416,36.25875691501392
437,0.23227215206310664,2.6100534816839867,4.103093492964104,1.5004289905094885,0.6930740684518844,0.08649152562697364,3.6100534816839867,7.273018494406416,7.273018494406416,8.857980995127573,36.239485176923935
175,0.23227215206310664,2.6100534816839867,4.103093492964104,1.5004289905094885,1.3903754450445747,0.08649152562697364,4.050626073069968,6.53605290024021,6.857980995127572,8.857980995127573,36.22535605145756
88,0.23227215206310664,1.857980995127572,2.9510903995190536,1.9631632318196284,1.3903754450445747,0.08649152562697364,4.103093492964104,6.857980995127572,8.857980995127573,7.857980995127572,36.158410227547726
151,0.23227215206310664,4.465663572348812,4.103093492964104,1.5004289905094885,0.6930740684518844,0.08649152562697364,3.0766212816029124,5.857980995127572,7.273018494406416,8.857980995127573,36.14662556822884
354,0.23227215206310664,4.33441903907056,3.5360529002402097,3.3661278987978975,0.6930740684518844,0.08649152562697364,3.8135868757691185,4.610053481683987,6.53605290024021,8.857980995127573,36.06611183707152
176,0.23227215206310664,1.857980995127572,5.273018494406416,1.9631632318196284,1.3903754450445747,0.08649152562697364,4.103093492964104,7.857980995127572,4.398549376490275,8.857980995127573,36.02090670379779
376,0.23227215206310664,2.554200246950469,2.9510903995190536,2.6880559936852597,1.3903754450445747,0.08649152562697364,3.6880559936852597,5.68805599368526,7.857980995127572,8.857980995127573,35.9945597405151
420,0.23227215206310664,3.6880559936852597,4.103093492964104,4.15754127698648,0.6930740684518844,0.08649152562697364,3.0766212816029124,6.53605290024021,5.53605290024021,7.857980995127572,35.96723658698871
381,4.103093492964104,2.554200246950469,1.6780719051126378,2.6880559936852597,0.6930740684518844,0.08649152562697364,3.6100534816839867,6.53605290024021,5.15754127698648,8.857980995127573,35.96461588682958
311,4.103093492964104,2.6100534816839867,4.273018494406416,1.5004289905094885,1.3903754450445747,0.08649152562697364,3.5725787762653236,5.273018494406416,5.857980995127572,7.273018494406416,35.94005819044127
101,0.23227215206310664,2.554200246950469,4.103093492964104,2.6880559936852597,1.3903754450445747,0.08649152562697364,5.53605290024021,6.050626073069968,5.398549376490275,7.857980995127572,35.897698201262514
359,0.23227215206310664,2.6100534816839867,1.6780719051126378,1.5004289905094885,1.3903754450445747,0.08649152562697364,8.857980995127573,4.610053481683987,6.050626073069968,8.857980995127573,35.87433504504987
106,0.23227215206310664,2.554200246950469,3.5360529002402097,2.6880559936852597,1.3903754450445747,0.08649152562697364,5.68805599368526,6.050626073069968,4.770518153877233,8.857980995127573,35.85462947937063
103,0.23227215206310664,1.857980995127572,3.5360529002402097,1.9631632318196284,0.6930740684518844,0.08649152562697364,6.857980995127572,5.68805599368526,6.050626073069968,8.857980995127573,35.823678930339746
458,0.23227215206310664,2.6100534816839867,4.050626073069968,1.5004289905094885,0.6930740684518844,0.08649152562697364,3.0766212816029124,6.857980995127572,7.857980995127572,8.857980995127573,35.823510558391035
445,0.23227215206310664,1.857980995127572,1.6780719051126378,1.9631632318196284,0.6930740684518844,0.08649152562697364,6.050626073069968,6.53605290024021,7.857980995127572,8.857980995127573,35.81369484176713
207,0.23227215206310664,3.273018494406416,2.9510903995190536,1.5004289905094885,0.6930740684518844,0.08649152562697364,3.8135868757691185,5.53605290024021,8.857980995127573,8.857980995127573,35.801977396841394
160,0.23227215206310664,2.554200246950469,6.050626073069968,2.6880559936852597,0.6930740684518844,0.08649152562697364,3.4656635723488116,5.273018494406416,6.857980995127572,7.857980995127572,35.75936411685803
463,0.23227215206310664,3.8579809951275723,4.103093492964104,3.8579809951275723,0.6930740684518844,0.08649152562697364,3.4656635723488116,6.53605290024021,5.050626073069968,7.857980995127572,35.74121677014777
348,0.23227215206310664,2.6100534816839867,3.5360529002402097,1.5004289905094885,0.6930740684518844,0.08649152562697364,6.050626073069968,5.273018494406416,6.857980995127572,8.857980995127573,35.69797967630718
411,0.23227215206310664,2.554200246950469,4.050626073069968,2.6880559936852597,0.6930740684518844,0.08649152562697364,6.050626073069968,6.857980995127572,4.610053481683987,7.857980995127572,35.68136160485676
19,5.050626073069968,1.857980995127572,2.9510903995190536,1.9631632318196284,1.3903754450445747,0.08649152562697364,4.53605290024021,5.857980995127572,4.68805599368526,7.273018494406416,35.65483605366723
182,0.23227215206310664,3.8579809951275723,2.9510903995190536,3.8579809951275723,1.3903754450445747,0.08649152562697364,4.15754127698648,5.857980995127572,4.398549376490275,8.857980995127573,35.64824415624075
24,0.23227215206310664,2.554200246950469,4.33441903907056,2.6880559936852597,1.3903754450445747,0.08649152562697364,3.6880559936852597,6.273018494406416,6.53605290024021,7.857980995127572,35.6409227859004
189,0.23227215206310664,1.857980995127572,1.6780719051126378,1.9631632318196284,1.3903754450445747,0.08649152562697364,4.15754127698648,6.53605290024021,8.857980995127573,8.857980995127573,35.61791142227633
140,0.23227215206310664,1.857980995127572,3.648527629498622,1.9631632318196284,0.6930740684518844,0.08649152562697364,3.4656635723488116,6.857980995127572,7.857980995127572,8.857980995127573,35.521116160319316
120,0.23227215206310664,2.554200246950469,2.9510903995190536,2.6880559936852597,0.6930740684518844,0.08649152562697364,3.6100534816839867,6.53605290024021,7.273018494406416,8.857980995127573,35.48229025775493
332,0.23227215206310664,2.554200246950469,3.648527629498622,2.6880559936852597,0.6930740684518844,0.08649152562697364,4.53605290024021,5.273018494406416,7.857980995127572,7.857980995127572,35.42765500117808
83,0.23227215206310664,1.857980995127572,6.050626073069968,1.9631632318196284,1.3903754450445747,0.08649152562697364,3.5725787762653236,5.857980995127572,7.857980995127572,6.53605290024021,35.4055030895125
142,0.23227215206310664,2.554200246950469,4.273018494406416,2.6880559936852597,1.3903754450445747,0.08649152562697364,4.050626073069968,6.050626073069968,5.15754127698648,8.857980995127573,35.34118827603079
133,0.23227215206310664,1.857980995127572,4.33441903907056,1.9631632318196284,0.6930740684518844,0.08649152562697364,4.15754127698648,5.857980995127572,7.273018494406416,8.857980995127573,35.31392277380776
339,0.23227215206310664,4.465663572348812,4.273018494406416,1.5004289905094885,1.3903754450445747,0.08649152562697364,4.103093492964104,5.53605290024021,4.857980995127572,8.857980995127573,35.30335856345883
200,0.23227215206310664,2.6100534816839867,3.5360529002402097,1.5004289905094885,0.6930740684518844,0.08649152562697364,6.857980995127572,4.857980995127572,6.050626073069968,8.857980995127573,35.28294217702833
455,0.23227215206310664,3.8579809951275723,3.5360529002402097,3.8579809951275723,0.6930740684518844,0.08649152562697364,3.5725787762653236,5.53605290024021,5.050626073069968,8.857980995127573,35.28109138134039
153,0.23227215206310664,7.273018494406416,1.6780719051126378,1.5004289905094885,0.6930740684518844,0.08649152562697364,3.728697978182606,5.15754127698648,6.050626073069968,8.857980995127573,35.25820345953713
408,0.23227215206310664,1.857980995127572,4.33441903907056,1.9631632318196284,1.3903754450445747,0.08649152562697364,3.4656635723488116,5.15754127698648,7.857980995127572,8.857980995127573,35.20386922834285
141,0.23227215206310664,3.8579809951275723,3.5360529002402097,3.8579809951275723,1.3903754450445747,0.08649152562697364,4.103093492964104,6.050626073069968,5.53605290024021,6.53605290024021,35.1869793797445
187,0.23227215206310664,2.6100534816839867,4.103093492964104,1.5004289905094885,1.3903754450445747,0.08649152562697364,4.103093492964104,5.398549376490275,6.857980995127572,8.857980995127573,35.14031994760176
186,0.23227215206310664,3.8579809951275723,4.103093492964104,3.8579809951275723,1.3903754450445747,0.08649152562697364,4.15754127698648,4.770518153877233,4.770518153877233,7.857980995127572,35.08475318582242
373,0.23227215206310664,2.554200246950469,1.6780719051126378,2.6880559936852597,1.3903754450445747,0.08649152562697364,3.6880559936852597,6.050626073069968,7.857980995127572,8.857980995127573,35.084111325493396
294,0.23227215206310664,2.6100534816839867,3.648527629498622,1.5004289905094885,0.6930740684518844,0.08649152562697364,4.53605290024021,6.857980995127572,6.050626073069968,8.857980995127573,35.073488811399386
385,0.23227215206310664,1.857980995127572,2.9510903995190536,1.9631632318196284,1.3903754450445747,0.08649152562697364,4.103093492964104,5.68805599368526,7.857980995127572,8.857980995127573,34.98848522610542
174,0.23227215206310664,4.33441903907056,4.050626073069968,3.3661278987978975,0.6930740684518844,0.08649152562697364,3.6100534816839867,5.68805599368526,5.050626073069968,7.857980995127572,34.96972730064717
49,0.23227215206310664,1.857980995127572,1.6780719051126378,1.9631632318196284,0.6930740684518844,0.08649152562697364,7.273018494406416,5.050626073069968,7.273018494406416,8.857980995127573,34.96569793521218
308,0.23227215206310664,3.8579809951275723,4.103093492964104,3.8579809951275723,1.3903754450445747,0.08649152562697364,3.6100534816839867,5.857980995127572,4.68805599368526,7.273018494406416,34.95730357085714
344,0.23227215206310664,2.554200246950469,5.273018494406416,2.6880559936852597,1.3903754450445747,0.08649152562697364,4.050626073069968,5.53605290024021,5.857980995127572,7.273018494406416,34.942092320620965
65,0.23227215206310664,3.8579809951275723,4.33441903907056,3.8579809951275723,1.3903754450445747,0.08649152562697364,4.15754127698648,5.273018494406416,4.857980995127572,6.857980995127572,34.9060419137084
161,4.103093492964104,1.857980995127572,1.6780719051126378,1.9631632318196284,1.3903754450445747,0.08649152562697364,4.15754127698648,5.273018494406416,6.53605290024021,7.857980995127572,34.90377026245617
269,0.23227215206310664,1.857980995127572,3.5360529002402097,1.9631632318196284,0.6930740684518844,0.08649152562697364,4.103093492964104,5.68805599368526,7.857980995127572,8.857980995127573,34.87614635023388
218,0.23227215206310664,2.6100534816839867,3.5360529002402097,1.5004289905094885,0.6930740684518844,0.08649152562697364,3.8135868757691185,7.273018494406416,7.273018494406416,7.857980995127572,34.87597797828517
14,0.23227215206310664,1.857980995127572,4.103093492964104,1.9631632318196284,0.6930740684518844,0.08649152562697364,3.728697978182606,6.050626073069968,7.273018494406416,8.857980995127573,34.84639900683983
164,0.23227215206310664,1.857980995127572,4.050626073069968,1.9631632318196284,1.3903754450445747,0.08649152562697364,5.68805599368526,5.53605290024021,5.15754127698648,8.857980995127573,34.820540588791346
22,0.23227215206310664,2.554200246950469,1.6780719051126378,2.6880559936852597,1.3903754450445747,0.08649152562697364,4.050626073069968,5.398549376490275,7.857980995127572,8.857980995127573,34.79460470829841
152,0.23227215206310664,2.554200246950469,1.6780719051126378,2.6880559936852597,0.6930740684518844,0.08649152562697364,3.6100534816839867,6.53605290024021,7.857980995127572,8.857980995127573,34.79423426406967
165,0.23227215206310664,2.554200246950469,4.050626073069968,2.6880559936852597,0.6930740684518844,0.08649152562697364,3.0766212816029124,6.273018494406416,7.273018494406416,7.857980995127572,34.78535932539098
188,4.103093492964104,3.6880559936852597,1.6780719051126378,1.5004289905094885,0.6930740684518844,0.08649152562697364,3.4656635723488116,5.53605290024021,5.15754127698648,8.857980995127573,34.76645472105342
53,0.23227215206310664,4.465663572348812,1.6780719051126378,1.5004289905094885,1.3903754450445747,0.08649152562697364,5.53605290024021,6.857980995127572,5.15754127698648,7.857980995127572,34.762859758187425
169,0.23227215206310664,2.554200246950469,1.6780719051126378,2.6880559936852597,0.6930740684518844,0.08649152562697364,3.8135868757691185,5.273018494406416,8.857980995127573,8.857980995127573,34.73473325232101
150,0.23227215206310664,2.554200246950469,4.050626073069968,2.6880559936852597,1.3903754450445747,0.08649152562697364,4.050626073069968,6.53605290024021,5.857980995127572,7.273018494406416,34.71969989928452
291,0.23227215206310664,1.857980995127572,2.9510903995190536,1.9631632318196284,1.3903754450445747,0.08649152562697364,4.951090399519053,6.857980995127572,5.53605290024021,8.857980995127573,34.68447903921532
57,0.23227215206310664,6.53605290024021,4.273018494406416,1.5004289905094885,0.6930740684518844,0.08649152562697364,3.5725787762653236,6.53605290024021,4.68805599368526,6.53605290024021,34.654078701729084
449,0.23227215206310664,2.6100534816839867,6.273018494406416,1.5004289905094885,0.6930740684518844,0.08649152562697364,3.0766212816029124,5.273018494406416,6.050626073069968,8.857980995127573,34.65358555694873
263,0.23227215206310664,4.33441903907056,4.273018494406416,3.3661278987978975,1.3903754450445747,0.08649152562697364,3.6880559936852597,5.53605290024021,4.465663572348812,7.273018494406416,34.64549551569023
123,0.23227215206310664,3.273018494406416,3.5360529002402097,1.5004289905094885,1.3903754450445747,0.08649152562697364,4.53605290024021,6.53605290024021,4.68805599368526,8.857980995127573,34.63678229718403
96,0.23227215206310664,2.6100534816839867,3.5360529002402097,1.5004289905094885,0.6930740684518844,0.08649152562697364,3.5725787762653236,7.273018494406416,7.273018494406416,7.857980995127572,34.63496987878138
313,0.23227215206310664,2.6100534816839867,2.9510903995190536,1.5004289905094885,1.3903754450445747,4.2141248053528475,4.050626073069968,5.53605290024021,4.857980995127572,7.273018494406416,34.61602373701722
110,0.23227215206310664,2.554200246950469,3.5360529002402097,2.6880559936852597,0.6930740684518844,0.08649152562697364,3.5725787762653236,6.857980995127572,7.857980995127572,6.53605290024021,34.61474055377858
43,0.23227215206310664,3.6880559936852597,1.6780719051126378,4.15754127698648,0.6930740684518844,4.2141248053528475,3.0766212816029124,4.610053481683987,4.398549376490275,7.857980995127572,34.60634533655696
115,0.23227215206310664,2.6100534816839867,3.648527629498622,1.5004289905094885,1.3903754450445747,0.08649152562697364,3.4656635723488116,5.53605290024021,7.273018494406416,8.857980995127573,34.60086518654976
460,0.23227215206310664,3.8579809951275723,3.648527629498622,3.8579809951275723,1.3903754450445747,0.08649152562697364,3.4656635723488116,5.273018494406416,4.857980995127572,7.857980995127572,34.528272799498794
28,0.23227215206310664,3.6880559936852597,1.6780719051126378,4.15754127698648,0.6930740684518844,0.08649152562697364,3.5725787762653236,7.273018494406416,5.857980995127572,7.273018494406416,34.51210368213207
368,0.23227215206310664,2.6100534816839867,3.648527629498622,1.5004289905094885,1.3903754450445747,0.08649152562697364,4.103093492964104,5.53605290024021,6.53605290024021,8.857980995127573,34.50132951299885
234,0.23227215206310664,3.6880559936852597,3.5360529002402097,4.15754127698648,0.6930740684518844,0.08649152562697364,3.6100534816839867,6.53605290024021,4.68805599368526,7.273018494406416,34.50066878706979
406,0.23227215206310664,3.6880559936852597,1.6780719051126378,1.5004289905094885,0.6930740684518844,0.08649152562697364,3.8135868757691185,6.050626073069968,7.857980995127572,8.857980995127573,34.45856957454358
261,0.23227215206310664,2.6100534816839867,6.050626073069968,1.5004289905094885,1.3903754450445747,0.08649152562697364,4.15754127698648,5.273018494406416,5.857980995127572,7.273018494406416,34.431806928924985
38,0.23227215206310664,3.273018494406416,4.103093492964104,1.5004289905094885,1.3903754450445747,0.08649152562697364,4.050626073069968,6.53605290024021,5.398549376490275,7.857980995127572,34.42888944554269
202,0.23227215206310664,3.6880559936852597,4.273018494406416,4.15754127698648,0.6930740684518844,0.08649152562697364,3.4656635723488116,5.273018494406416,4.68805599368526,7.857980995127572,34.41517256678818
258,0.23227215206310664,3.273018494406416,4.33441903907056,1.5004289905094885,0.6930740684518844,0.08649152562697364,3.6100534816839867,5.53605290024021,6.273018494406416,8.857980995127573,34.39681014158661
382,0.23227215206310664,1.857980995127572,4.103093492964104,1.9631632318196284,0.6930740684518844,0.08649152562697364,3.4656635723488116,5.273018494406416,7.857980995127572,8.857980995127573,34.39071952306364
8,0.23227215206310664,2.554200246950469,1.6780719051126378,2.6880559936852597,0.6930740684518844,0.08649152562697364,3.4656635723488116,6.273018494406416,7.857980995127572,8.857980995127573,34.386809948900705
409,0.23227215206310664,1.857980995127572,4.050626073069968,1.9631632318196284,1.3903754450445747,0.08649152562697364,5.68805599368526,5.398549376490275,4.857980995127572,8.857980995127573,34.3834767831825
203,0.23227215206310664,1.857980995127572,4.103093492964104,1.9631632318196284,1.3903754450445747,0.08649152562697364,4.050626073069968,5.53605290024021,7.273018494406416,7.857980995127572,34.35105530549012
322,0.23227215206310664,2.6100534816839867,3.648527629498622,1.5004289905094885,1.3903754450445747,0.08649152562697364,4.15754127698648,7.857980995127572,5.53605290024021,7.273018494406416,34.29274289118743
335,0.23227215206310664,1.857980995127572,2.9510903995190536,3.3661278987978975,0.6930740684518844,0.08649152562697364,3.0766212816029124,5.857980995127572,7.273018494406416,8.857980995127573,34.252638805850964
404,4.103093492964104,2.554200246950469,1.6780719051126378,2.6880559936852597,0.6930740684518844,0.08649152562697364,3.8135868757691185,6.050626073069968,4.68805599368526,7.857980995127572,34.21323717044325
274,0.23227215206310664,3.6880559936852597,1.6780719051126378,4.15754127698648,0.6930740684518844,0.08649152562697364,3.6100534816839867,4.610053481683987,6.53605290024021,8.857980995127573,34.1496477806621
211,0.23227215206310664,2.554200246950469,2.9510903995190536,2.6880559936852597,0.6930740684518844,0.08649152562697364,3.6100534816839867,4.610053481683987,7.857980995127572,8.857980995127573,34.14125333991987
355,0.23227215206310664,2.554200246950469,2.9510903995190536,2.6880559936852597,0.6930740684518844,0.08649152562697364,4.15754127698648,6.857980995127572,5.050626073069968,8.857980995127573,34.129313726608345
29,0.23227215206310664,2.554200246950469,2.9510903995190536,3.3661278987978975,0.6930740684518844,0.08649152562697364,3.4656635723488116,6.857980995127572,6.050626073069968,7.857980995127572,34.11550792708331
102,0.23227215206310664,2.554200246950469,4.103093492964104,2.6880559936852597,0.6930740684518844,0.08649152562697364,3.0766212816029124,5.53605290024021,7.273018494406416,7.857980995127572,34.100861151118906
268,0.23227215206310664,1.857980995127572,4.103093492964104,1.9631632318196284,1.3903754450445747,0.08649152562697364,5.68805599368526,4.857980995127572,6.050626073069968,7.857980995127572,34.08802089965633
232,0.23227215206310664,4.465663572348812,1.6780719051126378,1.5004289905094885,1.3903754450445747,0.08649152562697364,4.050626073069968,5.53605290024021,7.273018494406416,7.857980995127572,34.070982053549756
289,0.23227215206310664,3.6880559936852597,1.6780719051126378,4.15754127698648,0.6930740684518844,0.08649152562697364,3.8135868757691185,5.68805599368526,5.15754127698648,8.857980995127573,34.05267206349477
124,0.23227215206310664,1.857980995127572,1.6780719051126378,1.9631632318196284,0.6930740684518844,0.08649152562697364,4.951090399519053,5.857980995127572,7.857980995127572,8.857980995127573,34.036087263103575
327,0.23227215206310664,3.273018494406416,4.103093492964104,1.5004289905094885,1.3903754450445747,0.08649152562697364,4.53605290024021,6.273018494406416,4.770518153877233,7.857980995127572,34.02325064426609
423,0.23227215206310664,1.857980995127572,3.648527629498622,1.9631632318196284,1.3903754450445747,0.08649152562697364,5.53605290024021,6.050626073069968,5.398549376490275,7.857980995127572,34.0220203241085
147,0.23227215206310664,2.554200246950469,1.6780719051126378,2.6880559936852597,0.6930740684518844,0.08649152562697364,3.8135868757691185,6.53605290024021,6.857980995127572,8.857980995127573,33.99776765815481
256,4.103093492964104,3.273018494406416,1.6780719051126378,1.5004289905094885,0.6930740684518844,0.08649152562697364,3.5725787762653236,5.68805599368526,5.53605290024021,7.857980995127572,33.98884714238987
425,0.23227215206310664,2.554200246950469,1.6780719051126378,2.6880559936852597,1.3903754450445747,0.08649152562697364,4.103093492964104,6.53605290024021,5.857980995127572,8.857980995127573,33.98457565194248
361,0.23227215206310664,2.6100534816839867,4.273018494406416,1.5004289905094885,0.6930740684518844,0.08649152562697364,3.4656635723488116,5.398549376490275,6.857980995127572,8.857980995127573,33.97551365183609
349,0.23227215206310664,4.465663572348812,1.6780719051126378,1.5004289905094885,1.3903754450445747,0.08649152562697364,4.15754127698648,5.53605290024021,6.050626073069968,8.857980995127573,33.95550483612982
371,0.23227215206310664,1.857980995127572,5.273018494406416,1.9631632318196284,0.6930740684518844,0.08649152562697364,4.050626073069968,5.53605290024021,5.398549376490275,8.857980995127573,33.94920981242361
208,0.23227215206310664,2.554200246950469,2.9510903995190536,3.3661278987978975,0.6930740684518844,0.08649152562697364,4.050626073069968,4.857980995127572,6.273018494406416,8.857980995127573,33.92286284914091
451,0.23227215206310664,2.6100534816839867,2.9510903995190536,1.5004289905094885,1.3903754450445747,0.08649152562697364,4.53605290024021,7.273018494406416,4.465663572348812,8.857980995127573,33.9034279565702
129,0.23227215206310664,2.554200246950469,4.273018494406416,2.6880559936852597,0.6930740684518844,0.08649152562697364,4.53605290024021,6.857980995127572,4.68805599368526,7.273018494406416,33.88222086464357
299,0.23227215206310664,3.6880559936852597,2.9510903995190536,4.15754127698648,1.3903754450445747,0.08649152562697364,3.6880559936852597,4.770518153877233,5.050626073069968,7.857980995127572,33.87300800868548
336,0.23227215206310664,2.6100534816839867,1.6780719051126378,1.5004289905094885,0.6930740684518844,0.08649152562697364,3.6100534816839867,5.68805599368526,8.857980995127573,8.857980995127573,33.814463589072474
416,0.23227215206310664,1.857980995127572,2.9510903995190536,1.9631632318196284,0.6930740684518844,0.08649152562697364,3.6100534816839867,6.273018494406416,7.273018494406416,8.857980995127573,33.798143838232605
77,0.23227215206310664,1.857980995127572,3.648527629498622,1.9631632318196284,1.3903754450445747,0.08649152562697364,5.53605290024021,6.050626073069968,5.15754127698648,7.857980995127572,33.7810122246047
314,0.23227215206310664,4.33441903907056,2.9510903995190536,3.3661278987978975,1.3903754450445747,0.08649152562697364,3.5725787762653236,6.050626073069968,4.465663572348812,7.273018494406416,33.72266337621269
242,0.23227215206310664,3.273018494406416,3.5360529002402097,1.5004289905094885,0.6930740684518844,0.08649152562697364,3.728697978182606,5.53605290024021,7.857980995127572,7.273018494406416,33.717088499254885
440,0.23227215206310664,1.857980995127572,3.648527629498622,1.9631632318196284,0.6930740684518844,0.08649152562697364,3.8135868757691185,6.273018494406416,7.273018494406416,7.857980995127572,33.69911446229731
287,0.23227215206310664,4.465663572348812,3.648527629498622,1.5004289905094885,0.6930740684518844,0.08649152562697364,3.0766212816029124,4.857980995127572,6.273018494406416,8.857980995127573,33.692059704763366
461,0.23227215206310664,4.33441903907056,4.103093492964104,3.3661278987978975,0.6930740684518844,0.08649152562697364,3.728697978182606,5.857980995127572,4.68805599368526,6.53605290024021,33.626266044210176
452,0.23227215206310664,3.273018494406416,4.103093492964104,1.5004289905094885,1.3903754450445747,0.08649152562697364,4.050626073069968,6.857980995127572,4.857980995127572,7.273018494406416,33.62528665834619
326,0.23227215206310664,1.857980995127572,4.103093492964104,1.9631632318196284,1.3903754450445747,0.08649152562697364,3.6880559936852597,5.857980995127572,6.53605290024021,7.857980995127572,33.57344772682657
40,0.23227215206310664,1.857980995127572,2.9510903995190536,3.3661278987978975,0.6930740684518844,0.08649152562697364,3.6100534816839867,5.857980995127572,6.050626073069968,8.857980995127573,33.563678584595586
192,0.23227215206310664,2.6100534816839867,3.5360529002402097,1.5004289905094885,1.3903754450445747,0.08649152562697364,4.53605290024021,5.273018494406416,5.53605290024021,8.857980995127573,33.55877978518275
435,0.23227215206310664,2.554200246950469,5.273018494406416,2.6880559936852597,0.6930740684518844,0.08649152562697364,3.8135868757691185,5.53605290024021,5.398549376490275,7.273018494406416,33.54832012809013
45,0.23227215206310664,2.6100534816839867,4.33441903907056,1.5004289905094885,0.6930740684518844,0.08649152562697364,3.0766212816029124,7.857980995127572,5.273018494406416,7.857980995127572,33.52234102367047
443,0.23227215206310664,1.857980995127572,3.5360529002402097,1.9631632318196284,0.6930740684518844,0.08649152562697364,4.951090399519053,6.050626073069968,5.273018494406416,8.857980995127573,33.501750835452384
55,0.23227215206310664,4.33441903907056,4.103093492964104,3.3661278987978975,0.6930740684518844,0.08649152562697364,3.0766212816029124,6.53605290024021,4.53605290024021,6.53605290024021,33.50025815929807
362,0.23227215206310664,2.554200246950469,3.648527629498622,2.6880559936852597,0.6930740684518844,0.08649152562697364,4.103093492964104,4.770518153877233,5.857980995127572,8.857980995127573,33.4921952533728
94,0.23227215206310664,2.6100534816839867,3.648527629498622,1.5004289905094885,1.3903754450445747,0.08649152562697364,4.53605290024021,6.857980995127572,4.770518153877233,7.857980995127572,33.49068226879934
426,0.23227215206310664,2.6100534816839867,2.9510903995190536,1.5004289905094885,0.6930740684518844,0.08649152562697364,3.0766212816029124,4.610053481683987,8.857980995127573,8.857980995127573,33.47604737139654
433,0.23227215206310664,3.6880559936852597,4.33441903907056,4.15754127698648,0.6930740684518844,0.08649152562697364,3.728697978182606,5.15754127698648,4.53605290024021,6.857980995127572,33.472127206421135
171,0.23227215206310664,3.8579809951275723,1.6780719051126378,3.8579809951275723,0.6930740684518844,0.08649152562697364,3.0766212816029124,6.857980995127572,5.273018494406416,7.857980995127572,33.47147340777422
79,0.23227215206310664,2.554200246950469,2.9510903995190536,2.6880559936852597,1.3903754450445747,0.08649152562697364,3.6880559936852597,5.68805599368526,6.273018494406416,7.857980995127572,33.409597239793946
399,0.23227215206310664,1.857980995127572,4.103093492964104,3.3661278987978975,1.3903754450445747,0.08649152562697364,3.6880559936852597,5.53605290024021,6.273018494406416,6.857980995127572,33.39144989308368
75,0.23227215206310664,3.273018494406416,4.33441903907056,1.5004289905094885,0.6930740684518844,0.08649152562697364,4.951090399519053,6.050626073069968,4.398549376490275,7.857980995127572,33.377951114335296
374,0.23227215206310664,3.8579809951275723,1.6780719051126378,3.8579809951275723,1.3903754450445747,0.08649152562697364,3.5725787762653236,5.398549376490275,4.398549376490275,8.857980995127573,33.330831542475885
284,0.23227215206310664,3.273018494406416,4.103093492964104,1.5004289905094885,1.3903754450445747,0.08649152562697364,4.53605290024021,6.53605290024021,4.398549376490275,7.273018494406416,33.32935377199178
438,0.23227215206310664,1.857980995127572,1.6780719051126378,1.9631632318196284,0.6930740684518844,0.08649152562697364,4.53605290024021,6.53605290024021,7.857980995127572,7.857980995127572,33.29912166893737
301,0.23227215206310664,1.857980995127572,2.9510903995190536,1.9631632318196284,1.3903754450445747,0.08649152562697364,5.857980995127572,5.68805599368526,5.398549376490275,7.857980995127572,33.28394110963159
272,0.23227215206310664,4.465663572348812,1.6780719051126378,1.5004289905094885,0.6930740684518844,0.08649152562697364,3.6100534816839867,5.273018494406416,6.857980995127572,8.857980995127573,33.25503618045845
213,0.23227215206310664,1.857980995127572,1.6780719051126378,1.9631632318196284,0.6930740684518844,0.08649152562697364,3.4656635723488116,5.53605290024021,8.857980995127573,8.857980995127573,33.22873234104597
350,0.23227215206310664,1.857980995127572,1.6780719051126378,1.9631632318196284,1.3903754450445747,0.08649152562697364,4.15754127698648,6.857980995127572,6.050626073069968,8.857980995127573,33.132484595106085
209,0.23227215206310664,3.273018494406416,1.6780719051126378,1.5004289905094885,0.6930740684518844,4.2141248053528475,3.6100534816839867,5.53605290024021,4.465663572348812,7.857980995127572,33.06074136529696
3,0.23227215206310664,2.554200246950469,3.5360529002402097,2.6880559936852597,0.6930740684518844,0.08649152562697364,3.5725787762653236,7.273018494406416,4.53605290024021,7.857980995127572,33.02977805305743
155,0.23227215206310664,1.857980995127572,4.050626073069968,1.9631632318196284,0.6930740684518844,0.08649152562697364,3.728697978182606,5.857980995127572,7.273018494406416,7.273018494406416,33.01632400828214
310,0.23227215206310664,3.273018494406416,4.33441903907056,1.5004289905094885,0.6930740684518844,0.08649152562697364,4.951090399519053,5.398549376490275,4.68805599368526,7.857980995127572,33.015381034950586
421,0.23227215206310664,2.554200246950469,1.6780719051126378,2.6880559936852597,1.3903754450445747,0.08649152562697364,4.103093492964104,6.050626073069968,5.273018494406416,8.857980995127573,32.91418632405108
267,0.23227215206310664,2.6100534816839867,1.6780719051126378,1.5004289905094885,0.6930740684518844,0.08649152562697364,6.857980995127572,5.68805599368526,4.68805599368526,8.857980995127573,32.892466101073744
16,0.23227215206310664,2.554200246950469,2.9510903995190536,2.6880559936852597,1.3903754450445747,0.08649152562697364,4.15754127698648,5.68805599368526,5.857980995127572,7.273018494406416,32.879082523095164
405,0.23227215206310664,3.273018494406416,5.273018494406416,1.5004289905094885,0.6930740684518844,0.08649152562697364,3.4656635723488116,6.53605290024021,4.53605290024021,7.273018494406416,32.86909159269994
108,0.23227215206310664,1.857980995127572,4.33441903907056,1.9631632318196284,1.3903754450445747,0.08649152562697364,3.6880559936852597,6.050626073069968,6.273018494406416,6.857980995127572,32.73438394504163
223,0.23227215206310664,1.857980995127572,4.050626073069968,1.9631632318196284,1.3903754450445747,0.08649152562697364,3.6880559936852597,5.398549376490275,5.15754127698648,8.857980995127573,32.68303706504142
441,0.23227215206310664,3.273018494406416,4.050626073069968,1.5004289905094885,1.3903754450445747,0.08649152562697364,4.050626073069968,4.610053481683987,4.610053481683987,8.857980995127573,32.661926712286046
252,0.23227215206310664,3.6880559936852597,1.6780719051126378,4.15754127698648,0.6930740684518844,0.08649152562697364,4.53605290024021,5.857980995127572,4.398549376490275,7.273018494406416,32.60110868819082
329,0.23227215206310664,2.6100534816839867,4.273018494406416,1.5004289905094885,1.3903754450445747,0.08649152562697364,3.6880559936852597,5.68805599368526,6.273018494406416,6.857980995127572,32.59975156623905
413,0.23227215206310664,2.554200246950469,2.9510903995190536,2.6880559936852597,0.6930740684518844,0.08649152562697364,3.5725787762653236,5.68805599368526,6.273018494406416,7.857980995127572,32.59681864578132
215,0.23227215206310664,1.857980995127572,5.273018494406416,1.9631632318196284,1.3903754450445747,0.08649152562697364,4.050626073069968,5.398549376490275,4.465663572348812,7.857980995127572,32.576121861124896
236,0.23227215206310664,3.273018494406416,3.648527629498622,1.5004289905094885,0.6930740684518844,0.08649152562697364,4.103093492964104,4.770518153877233,5.398549376490275,8.857980995127573,32.56395487901568
17,0.23227215206310664,2.6100534816839867,1.6780719051126378,1.5004289905094885,0.6930740684518844,0.08649152562697364,3.728697978182606,6.857980995127572,6.273018494406416,8.857980995127573,32.51807058629224
167,0.23227215206310664,2.6100534816839867,1.6780719051126378,1.5004289905094885,0.6930740684518844,0.08649152562697364,3.728697978182606,5.857980995127572,7.273018494406416,8.857980995127573,32.51807058629224
324,0.23227215206310664,2.6100534816839867,1.6780719051126378,1.5004289905094885,0.6930740684518844,0.08649152562697364,4.53605290024021,5.050626073069968,7.273018494406416,8.857980995127573,32.51807058629224
439,0.23227215206310664,1.857980995127572,3.648527629498622,1.9631632318196284,0.6930740684518844,0.08649152562697364,3.0766212816029124,6.050626073069968,6.050626073069968,8.857980995127573,32.51736402545821
109,0.23227215206310664,1.857980995127572,4.050626073069968,1.9631632318196284,1.3903754450445747,0.08649152562697364,3.6100534816839867,6.53605290024021,4.857980995127572,7.857980995127572,32.44297779493117
241,0.23227215206310664,4.465663572348812,1.6780719051126378,1.5004289905094885,1.3903754450445747,0.08649152562697364,4.53605290024021,5.050626073069968,4.610053481683987,8.857980995127573,32.40801704082733
259,0.23227215206310664,1.857980995127572,3.5360529002402097,1.9631632318196284,1.3903754450445747,0.08649152562697364,3.6880559936852597,5.68805599368526,6.050626073069968,7.857980995127572,32.35105530549012
384,0.23227215206310664,2.554200246950469,4.050626073069968,2.6880559936852597,1.3903754450445747,0.08649152562697364,3.5725787762653236,6.53605290024021,4.68805599368526,6.53605290024021,32.33476200687136
338,0.23227215206310664,2.554200246950469,3.648527629498622,2.6880559936852597,1.3903754450445747,0.08649152562697364,3.6880559936852597,4.770518153877233,5.398549376490275,7.857980995127572,32.31502751204935
126,0.23227215206310664,2.554200246950469,1.6780719051126378,2.6880559936852597,1.3903754450445747,0.08649152562697364,3.6880559936852597,5.857980995127572,6.273018494406416,7.857980995127572,32.30650374682984
331,0.23227215206310664,2.6100534816839867,2.9510903995190536,1.5004289905094885,0.6930740684518844,0.08649152562697364,3.4656635723488116,4.610053481683987,7.273018494406416,8.857980995127573,32.28012716142128
116,0.23227215206310664,4.33441903907056,2.9510903995190536,3.3661278987978975,0.6930740684518844,0.08649152562697364,3.6100534816839867,4.857980995127572,4.770518153877233,7.273018494406416,32.175046208624686
217,0.23227215206310664,3.273018494406416,3.648527629498622,1.5004289905094885,1.3903754450445747,0.08649152562697364,3.6880559936852597,5.050626073069968,5.398549376490275,7.857980995127572,32.12632667552226
72,4.103093492964104,3.273018494406416,1.6780719051126378,1.5004289905094885,0.6930740684518844,0.08649152562697364,3.4656635723488116,6.050626073069968,4.398549376490275,6.857980995127572,32.10699849410813
312,0.23227215206310664,1.857980995127572,1.6780719051126378,1.9631632318196284,1.3903754450445747,0.08649152562697364,4.15754127698648,4.610053481683987,7.273018494406416,8.857980995127573,32.106949502998944
459,0.23227215206310664,2.554200246950469,3.5360529002402097,2.6880559936852597,1.3903754450445747,0.08649152562697364,4.103093492964104,5.53605290024021,4.68805599368526,7.273018494406416,32.087669144906585
193,0.23227215206310664,4.465663572348812,1.6780719051126378,1.5004289905094885,0.6930740684518844,0.08649152562697364,4.951090399519053,5.857980995127572,4.68805599368526,7.857980995127572,32.01111059757236
184,0.23227215206310664,2.6100534816839867,4.33441903907056,1.5004289905094885,0.6930740684518844,0.08649152562697364,3.4656635723488116,6.53605290024021,4.68805599368526,7.857980995127572,32.00449271880785
250,0.23227215206310664,2.6100534816839867,1.6780719051126378,1.5004289905094885,1.3903754450445747,0.08649152562697364,3.6880559936852597,5.398549376490275,6.53605290024021,8.857980995127573,31.97833276558409
78,0.23227215206310664,3.8579809951275723,1.6780719051126378,3.8579809951275723,0.6930740684518844,0.08649152562697364,3.4656635723488116,5.273018494406416,5.53605290024021,7.273018494406416,31.953625102911598
119,0.23227215206310664,2.554200246950469,4.33441903907056,2.6880559936852597,0.6930740684518844,0.08649152562697364,3.4656635723488116,6.050626073069968,4.53605290024021,7.273018494406416,31.913874065913657
168,0.23227215206310664,1.857980995127572,1.6780719051126378,1.9631632318196284,0.6930740684518844,0.08649152562697364,3.0766212816029124,4.610053481683987,8.857980995127573,8.857980995127573,31.913690631743847
118,0.23227215206310664,1.857980995127572,3.5360529002402097,1.9631632318196284,1.3903754450445747,0.08649152562697364,4.15754127698648,6.050626073069968,4.770518153877233,7.857980995127572,31.90300274898332
231,0.23227215206310664,2.6100534816839867,1.6780719051126378,1.5004289905094885,0.6930740684518844,0.08649152562697364,3.8135868757691185,6.857980995127572,6.53605290024021,7.857980995127572,31.865993889712552
315,0.23227215206310664,1.857980995127572,4.050626073069968,1.9631632318196284,1.3903754450445747,0.08649152562697364,3.6880559936852597,6.857980995127572,4.465663572348812,7.273018494406416,31.865628478319884
7,0.23227215206310664,2.554200246950469,3.648527629498622,2.6880559936852597,0.6930740684518844,0.08649152562697364,3.0766212816029124,5.857980995127572,5.050626073069968,7.857980995127572,31.74583096120434
4,0.23227215206310664,2.6100534816839867,4.33441903907056,1.5004289905094885,1.3903754450445747,0.08649152562697364,3.6880559936852597,4.770518153877233,6.273018494406416,6.857980995127572,31.743614271095172
5,0.23227215206310664,3.273018494406416,1.6780719051126378,1.5004289905094885,0.6930740684518844,0.08649152562697364,3.6100534816839867,6.53605290024021,5.273018494406416,8.857980995127573,31.74046300762869
2,4.103093492964104,1.857980995127572,1.6780719051126378,1.9631632318196284,1.3903754450445747,0.08649152562697364,3.0766212816029124,6.53605290024021,4.770518153877233,6.273018494406416,31.73538742582226
135,0.23227215206310664,1.857980995127572,2.9510903995190536,3.3661278987978975,0.6930740684518844,0.08649152562697364,3.728697978182606,5.68805599368526,5.273018494406416,7.857980995127572,31.73479050098834
260,0.23227215206310664,1.857980995127572,1.6780719051126378,1.9631632318196284,1.3903754450445747,0.08649152562697364,4.103093492964104,5.273018494406416,6.273018494406416,8.857980995127573,31.715466731699
206,0.23227215206310664,2.6100534816839867,2.9510903995190536,1.5004289905094885,1.3903754450445747,0.08649152562697364,3.6880559936852597,5.53605290024021,4.857980995127572,8.857980995127573,31.7107828786278
275,0.23227215206310664,4.465663572348812,3.648527629498622,1.5004289905094885,0.6930740684518844,0.08649152562697364,3.0766212816029124,5.050626073069968,5.050626073069968,7.857980995127572,31.66231236136931
162,0.23227215206310664,1.857980995127572,1.6780719051126378,1.9631632318196284,0.6930740684518844,0.08649152562697364,3.8135868757691185,5.15754127698648,7.273018494406416,8.857980995127573,31.61318152049139
444,0.23227215206310664,1.857980995127572,3.5360529002402097,1.9631632318196284,1.3903754450445747,0.08649152562697364,4.15754127698648,5.53605290024021,5.53605290024021,7.273018494406416,31.569001821795382
233,0.23227215206310664,1.857980995127572,4.273018494406416,1.9631632318196284,1.3903754450445747,0.08649152562697364,4.050626073069968,5.15754127698648,4.68805599368526,7.857980995127572,31.55750618295755
306,0.23227215206310664,2.6100534816839867,4.273018494406416,1.5004289905094885,0.6930740684518844,0.08649152562697364,3.0766212816029124,5.68805599368526,5.53605290024021,7.857980995127572,31.554049883397813
270,0.23227215206310664,1.857980995127572,1.6780719051126378,1.9631632318196284,0.6930740684518844,0.08649152562697364,3.4656635723488116,4.857980995127572,7.857980995127572,8.857980995127573,31.55066043593333
87,0.23227215206310664,2.6100534816839867,1.6780719051126378,1.5004289905094885,0.6930740684518844,0.08649152562697364,3.728697978182606,5.53605290024021,6.53605290024021,8.857980995127573,31.459176897238677
383,0.23227215206310664,2.554200246950469,4.050626073069968,2.6880559936852597,0.6930740684518844,0.08649152562697364,3.728697978182606,5.53605290024021,4.610053481683987,7.273018494406416,31.45254291436088
253,0.23227215206310664,2.6100534816839867,3.5360529002402097,1.5004289905094885,0.6930740684518844,0.08649152562697364,3.8135868757691185,4.404535697323313,7.273018494406416,7.273018494406416,31.42253268048091
347,0.23227215206310664,2.6100534816839867,3.5360529002402097,1.5004289905094885,0.6930740684518844,0.08649152562697364,3.8135868757691185,4.404535697323313,7.273018494406416,7.273018494406416,31.42253268048091
143,0.23227215206310664,1.857980995127572,2.9510903995190536,1.9631632318196284,1.3903754450445747,0.08649152562697364,3.6880559936852597,5.68805599368526,4.68805599368526,8.857980995127573,31.403522725384263
427,0.23227215206310664,1.857980995127572,4.33441903907056,1.9631632318196284,0.6930740684518844,0.08649152562697364,3.4656635723488116,6.857980995127572,4.610053481683987,7.273018494406416,31.37411755572651
71,0.23227215206310664,3.273018494406416,1.6780719051126378,1.5004289905094885,0.6930740684518844,0.08649152562697364,3.5725787762653236,6.050626073069968,5.398549376490275,8.857980995127573,31.34309235712365
95,0.23227215206310664,2.554200246950469,4.273018494406416,2.6880559936852597,0.6930740684518844,0.08649152562697364,3.728697978182606,5.857980995127572,4.68805599368526,6.53605290024021,31.33790034841976
264,0.23227215206310664,2.6100534816839867,2.9510903995190536,1.5004289905094885,0.6930740684518844,0.08649152562697364,4.951090399519053,6.050626073069968,4.398549376490275,7.857980995127572,31.331657462061365
430,0.23227215206310664,1.857980995127572,4.33441903907056,1.9631632318196284,1.3903754450445747,0.08649152562697364,4.103093492964104,5.398549376490275,4.68805599368526,7.273018494406416,31.32741974629847
214,0.23227215206310664,2.6100534816839867,1.6780719051126378,1.5004289905094885,0.6930740684518844,0.08649152562697364,3.5725787762653236,5.53605290024021,6.53605290024021,8.857980995127573,31.303057695321396
113,0.23227215206310664,2.6100534816839867,1.6780719051126378,1.5004289905094885,0.6930740684518844,0.08649152562697364,4.050626073069968,6.53605290024021,5.050626073069968,8.857980995127573,31.295678164955795
145,0.23227215206310664,2.6100534816839867,1.6780719051126378,1.5004289905094885,0.6930740684518844,0.08649152562697364,3.8135868757691185,6.050626073069968,7.273018494406416,7.273018494406416,31.210642061099993
358,0.23227215206310664,4.465663572348812,3.5360529002402097,1.5004289905094885,0.6930740684518844,0.08649152562697364,3.0766212816029124,5.68805599368526,4.610053481683987,7.273018494406416,31.161732460619053
12,0.23227215206310664,2.554200246950469,4.103093492964104,3.3661278987978975,0.6930740684518844,0.08649152562697364,3.0766212816029124,5.15754127698648,4.610053481683987,7.273018494406416,31.152493919534233
346,0.23227215206310664,2.554200246950469,3.648527629498622,2.6880559936852597,0.6930740684518844,0.08649152562697364,4.050626073069968,4.857980995127572,4.465663572348812,7.857980995127572,31.134873251950243
424,0.23227215206310664,2.6100534816839867,4.33441903907056,1.5004289905094885,0.6930740684518844,0.08649152562697364,3.5725787762653236,5.53605290024021,5.273018494406416,7.273018494406416,31.111407922724364
91,0.23227215206310664,1.857980995127572,1.6780719051126378,1.9631632318196284,1.3903754450445747,0.08649152562697364,4.15754127698648,4.610053481683987,6.273018494406416,8.857980995127573,31.106949502998948
56,0.23227215206310664,2.554200246950469,2.9510903995190536,2.6880559936852597,0.6930740684518844,0.08649152562697364,3.8135868757691185,5.53605290024021,4.68805599368526,7.857980995127572,31.10086115111891
212,0.23227215206310664,3.273018494406416,4.103093492964104,1.5004289905094885,0.6930740684518844,0.08649152562697364,3.6100534816839867,5.53605290024021,4.770518153877233,7.273018494406416,31.07802175422982
428,0.23227215206310664,2.554200246950469,3.648527629498622,2.6880559936852597,0.6930740684518844,0.08649152562697364,3.6100534816839867,5.273018494406416,4.398549376490275,7.857980995127572,31.042223963984565
76,0.23227215206310664,1.857980995127572,1.6780719051126378,1.9631632318196284,0.6930740684518844,0.08649152562697364,3.0766212816029124,6.050626073069968,6.53605290024021,8.857980995127573,31.03233512824247
107,0.23227215206310664,1.857980995127572,1.6780719051126378,1.9631632318196284,0.6930740684518844,0.08649152562697364,3.5725787762653236,6.53605290024021,5.53605290024021,8.857980995127573,31.013719450075122
221,0.23227215206310664,2.6100534816839867,4.273018494406416,1.5004289905094885,0.6930740684518844,0.08649152562697364,3.6100534816839867,6.857980995127572,4.610053481683987,6.53605290024021,31.009479571477613
197,4.103093492964104,2.6100534816839867,1.6780719051126378,1.5004289905094885,0.6930740684518844,0.08649152562697364,3.0766212816029124,5.68805599368526,4.68805599368526,6.857980995127572,30.98192772845008
157,0.23227215206310664,3.6880559936852597,1.6780719051126378,1.5004289905094885,0.6930740684518844,0.08649152562697364,3.6100534816839867,6.53605290024021,5.050626073069968,7.857980995127572,30.93310808557109
39,0.23227215206310664,1.857980995127572,4.273018494406416,1.9631632318196284,0.6930740684518844,0.08649152562697364,3.5725787762653236,5.857980995127572,4.53605290024021,7.857980995127572,30.93059413425626
271,0.23227215206310664,3.273018494406416,2.9510903995190536,1.5004289905094885,1.3903754450445747,0.08649152562697364,4.050626073069968,4.857980995127572,4.68805599368526,7.857980995127572,30.888321064179987
136,0.23227215206310664,2.6100534816839867,4.103093492964104,1.5004289905094885,0.6930740684518844,0.08649152562697364,3.728697978182606,6.53605290024021,4.53605290024021,6.857980995127572,30.884198485090142
47,0.23227215206310664,1.857980995127572,1.6780719051126378,1.9631632318196284,0.6930740684518844,0.08649152562697364,3.8135868757691185,6.857980995127572,4.770518153877233,8.857980995127573,30.8111208981033
243,0.23227215206310664,2.6100534816839867,2.9510903995190536,1.5004289905094885,1.3903754450445747,0.08649152562697364,4.103093492964104,5.53605290024021,5.53605290024021,6.857980995127572,30.80389228301928
178,0.23227215206310664,3.273018494406416,1.6780719051126378,1.5004289905094885,0.6930740684518844,0.08649152562697364,3.4656635723488116,6.53605290024021,4.465663572348812,8.857980995127573,30.788718176235914
177,0.23227215206310664,1.857980995127572,3.5360529002402097,1.9631632318196284,1.3903754450445747,0.08649152562697364,4.050626073069968,5.53605290024021,4.857980995127572,7.273018494406416,30.784014712766233
418,0.23227215206310664,1.857980995127572,4.050626073069968,1.9631632318196284,0.6930740684518844,0.08649152562697364,3.0766212816029124,7.273018494406416,4.68805599368526,6.857980995127572,30.779284810981295
357,0.23227215206310664,1.857980995127572,3.5360529002402097,1.9631632318196284,0.6930740684518844,0.08649152562697364,4.103093492964104,5.273018494406416,5.15754127698648,7.857980995127572,30.76066913281395
144,0.23227215206310664,1.857980995127572,4.050626073069968,1.9631632318196284,0.6930740684518844,0.08649152562697364,3.728697978182606,5.398549376490275,5.398549376490275,7.273018494406416,30.682423271728705
149,0.23227215206310664,2.6100534816839867,4.103093492964104,1.5004289905094885,0.6930740684518844,0.08649152562697364,3.6100534816839867,5.857980995127572,4.68805599368526,7.273018494406416,30.654522676202777
204,0.23227215206310664,4.33441903907056,1.6780719051126378,3.3661278987978975,0.6930740684518844,0.08649152562697364,3.0766212816029124,6.050626073069968,4.53605290024021,6.53605290024021,30.589809744276362
388,4.103093492964104,2.554200246950469,0.0,2.6880559936852597,0.6930740684518844,0.08649152562697364,3.4656635723488116,5.68805599368526,4.398549376490275,6.857980995127572,30.535165265330612
364,0.23227215206310664,2.6100534816839867,1.6780719051126378,1.5004289905094885,1.3903754450445747,0.08649152562697364,3.6880559936852597,5.398549376490275,6.050626073069968,7.857980995127572,30.492905938413845
285,0.23227215206310664,1.857980995127572,1.6780719051126378,1.9631632318196284,0.6930740684518844,0.08649152562697364,3.5725787762653236,5.273018494406416,7.273018494406416,7.857980995127572,30.48765063840753
330,0.23227215206310664,1.857980995127572,4.103093492964104,1.9631632318196284,0.6930740684518844,0.08649152562697364,3.5725787762653236,5.398549376490275,5.273018494406416,7.273018494406416,30.453240607621698
60,0.23227215206310664,1.857980995127572,2.9510903995190536,1.9631632318196284,1.3903754450445747,0.08649152562697364,3.6880559936852597,6.53605290024021,4.465663572348812,7.273018494406416,30.44416470988161
378,0.23227215206310664,4.33441903907056,1.6780719051126378,3.3661278987978975,0.6930740684518844,0.08649152562697364,3.6100534816839867,5.273018494406416,4.610053481683987,6.53605290024021,30.41963494713766
194,0.23227215206310664,1.857980995127572,3.648527629498622,1.9631632318196284,0.6930740684518844,0.08649152562697364,3.728697978182606,5.857980995127572,5.050626073069968,7.273018494406416,30.391833143374345
130,0.23227215206310664,2.554200246950469,1.6780719051126378,3.3661278987978975,0.6930740684518844,0.08649152562697364,4.103093492964104,5.273018494406416,5.53605290024021,6.857980995127572,30.38038367974127
266,0.23227215206310664,1.857980995127572,1.6780719051126378,1.9631632318196284,0.6930740684518844,0.08649152562697364,3.0766212816029124,5.398549376490275,6.53605290024021,8.857980995127573,30.380258431662774
86,0.23227215206310664,1.857980995127572,4.103093492964104,1.9631632318196284,0.6930740684518844,0.08649152562697364,3.6100534816839867,5.857980995127572,4.68805599368526,7.273018494406416,30.365184430956504
139,0.23227215206310664,2.554200246950469,2.9510903995190536,2.6880559936852597,0.6930740684518844,0.08649152562697364,3.6100534816839867,5.273018494406416,4.398549376490275,7.857980995127572,30.344786734004998
132,0.23227215206310664,3.273018494406416,1.6780719051126378,1.5004289905094885,0.6930740684518844,0.08649152562697364,3.728697978182606,5.857980995127572,4.398549376490275,8.857980995127573,30.306566481098535
415,0.23227215206310664,2.554200246950469,1.6780719051126378,2.6880559936852597,0.6930740684518844,0.08649152562697364,3.6100534816839867,5.273018494406416,4.53605290024021,8.857980995127573,30.209271763348518
246,0.23227215206310664,2.6100534816839867,4.273018494406416,1.5004289905094885,0.6930740684518844,0.08649152562697364,3.728697978182606,5.68805599368526,4.53605290024021,6.857980995127572,30.206126579977504
66,0.23227215206310664,2.554200246950469,2.9510903995190536,2.6880559936852597,0.6930740684518844,0.08649152562697364,3.5725787762653236,4.857980995127572,5.273018494406416,7.273018494406416,30.181781146502473
210,0.23227215206310664,3.273018494406416,4.103093492964104,1.5004289905094885,0.6930740684518844,0.08649152562697364,3.0766212816029124,4.857980995127572,4.465663572348812,7.857980995127572,30.146625568228846
302,0.23227215206310664,4.465663572348812,1.6780719051126378,1.5004289905094885,0.6930740684518844,0.08649152562697364,4.53605290024021,5.273018494406416,4.398549376490275,7.273018494406416,30.13664147965622
369,0.23227215206310664,2.6100534816839867,4.103093492964104,1.5004289905094885,0.6930740684518844,0.08649152562697364,3.0766212816029124,5.398549376490275,4.465663572348812,7.857980995127572,30.024228936869118
205,0.23227215206310664,2.6100534816839867,3.648527629498622,1.5004289905094885,0.6930740684518844,0.08649152562697364,3.8135868757691185,5.68805599368526,4.398549376490275,7.273018494406416,29.94405858818513
280,4.103093492964104,1.857980995127572,1.6780719051126378,1.9631632318196284,0.6930740684518844,0.08649152562697364,3.0766212816029124,5.398549376490275,4.770518153877233,6.273018494406416,29.90058252547964
412,0.23227215206310664,1.857980995127572,1.6780719051126378,1.9631632318196284,0.6930740684518844,0.08649152562697364,3.6880559936852597,5.273018494406416,5.53605290024021,8.857980995127573,29.866162261661263
99,0.23227215206310664,1.857980995127572,1.6780719051126378,1.9631632318196284,0.6930740684518844,0.08649152562697364,4.53605290024021,6.857980995127572,4.68805599368526,7.273018494406416,29.866162261661263
244,0.23227215206310664,1.857980995127572,1.6780719051126378,1.9631632318196284,1.3903754450445747,0.08649152562697364,4.103093492964104,5.53605290024021,5.15754127698648,7.857980995127572,29.863023920112862
10,0.23227215206310664,1.857980995127572,4.103093492964104,1.9631632318196284,0.6930740684518844,0.08649152562697364,3.5725787762653236,5.565499744766994,4.465663572348812,7.273018494406416,29.812836053840815
235,0.23227215206310664,1.857980995127572,4.103093492964104,1.9631632318196284,0.6930740684518844,0.08649152562697364,3.5725787762653236,5.565499744766994,4.465663572348812,7.273018494406416,29.812836053840815
225,0.23227215206310664,3.273018494406416,3.5360529002402097,1.5004289905094885,0.6930740684518844,0.08649152562697364,3.0766212816029124,5.68805599368526,4.857980995127572,6.857980995127572,29.801977396841398
245,0.23227215206310664,1.857980995127572,4.050626073069968,1.9631632318196284,0.6930740684518844,0.08649152562697364,3.728697978182606,4.857980995127572,5.050626073069968,7.273018494406416,29.793931586945693
417,0.23227215206310664,1.857980995127572,1.6780719051126378,1.9631632318196284,0.6930740684518844,0.08649152562697364,3.6100534816839867,5.273018494406416,5.398549376490275,8.857980995127573,29.650656225910055
293,0.23227215206310664,2.6100534816839867,1.6780719051126378,1.5004289905094885,0.6930740684518844,0.08649152562697364,3.8135868757691185,5.68805599368526,4.465663572348812,8.857980995127573,29.625679560378842
93,0.23227215206310664,2.6100534816839867,1.6780719051126378,1.5004289905094885,0.6930740684518844,0.08649152562697364,3.5725787762653236,5.050626073069968,6.273018494406416,7.857980995127572,29.554596462317356
114,0.23227215206310664,2.6100534816839867,2.9510903995190536,1.5004289905094885,0.6930740684518844,0.08649152562697364,3.8135868757691185,4.980537244045838,5.398549376490275,7.273018494406416,29.539102608566143
295,0.23227215206310664,2.6100534816839867,2.9510903995190536,1.5004289905094885,0.6930740684518844,0.08649152562697364,3.8135868757691185,4.980537244045838,5.398549376490275,7.273018494406416,29.539102608566143
226,0.23227215206310664,3.273018494406416,3.5360529002402097,1.5004289905094885,0.6930740684518844,0.08649152562697364,3.4656635723488116,4.770518153877233,4.610053481683987,7.273018494406416,29.440591833614526
104,0.23227215206310664,1.857980995127572,1.6780719051126378,1.9631632318196284,1.3903754450445747,0.08649152562697364,4.103093492964104,6.050626073069968,4.68805599368526,7.273018494406416,29.32314930892024
148,0.23227215206310664,3.273018494406416,1.6780719051126378,1.5004289905094885,0.6930740684518844,0.08649152562697364,3.728697978182606,5.68805599368526,4.465663572348812,7.857980995127572,29.20375567551476
323,0.23227215206310664,1.857980995127572,4.33441903907056,1.9631632318196284,0.6930740684518844,0.08649152562697364,3.0766212816029124,5.857980995127572,4.53605290024021,6.53605290024021,29.17410908937063
436,0.23227215206310664,2.554200246950469,1.6780719051126378,2.6880559936852597,0.6930740684518844,0.08649152562697364,3.0766212816029124,4.610053481683987,4.68805599368526,8.857980995127573,29.164877643990064
394,0.23227215206310664,1.857980995127572,1.6780719051126378,1.9631632318196284,0.6930740684518844,0.08649152562697364,3.0766212816029124,7.273018494406416,4.398549376490275,7.857980995127572,29.117224025828982
367,0.23227215206310664,2.554200246950469,1.6780719051126378,2.6880559936852597,0.6930740684518844,0.08649152562697364,3.728697978182606,4.770518153877233,5.398549376490275,7.273018494406416,29.102949894846862
298,0.23227215206310664,2.554200246950469,2.9510903995190536,2.6880559936852597,0.6930740684518844,0.08649152562697364,3.728697978182606,4.770518153877233,4.53605290024021,6.857980995127572,29.09843441372437
447,0.23227215206310664,4.465663572348812,1.6780719051126378,1.5004289905094885,0.6930740684518844,0.08649152562697364,3.4656635723488116,5.68805599368526,4.398549376490275,6.857980995127572,29.066252151764825
131,0.23227215206310664,2.6100534816839867,0.0,1.5004289905094885,1.3903754450445747,0.08649152562697364,4.050626073069968,5.857980995127572,4.398549376490275,8.857980995127573,28.98475903474352
195,0.23227215206310664,2.554200246950469,1.6780719051126378,2.6880559936852597,0.6930740684518844,0.08649152562697364,3.6100534816839867,5.15754127698648,4.770518153877233,7.273018494406416,28.743297298844446
92,0.23227215206310664,1.857980995127572,2.9510903995190536,1.9631632318196284,0.6930740684518844,0.08649152562697364,3.0766212816029124,6.53605290024021,4.53605290024021,6.53605290024021,28.468852354931762
309,0.23227215206310664,2.6100534816839867,1.6780719051126378,1.5004289905094885,0.6930740684518844,0.08649152562697364,3.4656635723488116,6.857980995127572,4.398549376490275,6.857980995127572,28.380567062542312
44,0.23227215206310664,1.857980995127572,1.6780719051126378,3.3661278987978975,0.6930740684518844,0.08649152562697364,3.6100534816839867,5.68805599368526,4.610053481683987,6.53605290024021,28.358234402473517
201,0.23227215206310664,3.6880559936852597,2.9510903995190536,1.5004289905094885,0.6930740684518844,0.08649152562697364,3.0766212816029124,5.050626073069968,4.770518153877233,6.273018494406416,28.322197132812295
251,0.23227215206310664,1.857980995127572,1.6780719051126378,1.9631632318196284,0.6930740684518844,0.08649152562697364,3.5725787762653236,5.03605290024021,5.15754127698648,7.857980995127572,28.13520782682139
402,0.23227215206310664,1.857980995127572,1.6780719051126378,1.9631632318196284,0.6930740684518844,0.08649152562697364,3.5725787762653236,5.03605290024021,5.15754127698648,7.857980995127572,28.13520782682139
277,0.23227215206310664,1.857980995127572,1.6780719051126378,1.9631632318196284,0.6930740684518844,0.08649152562697364,3.4656635723488116,6.050626073069968,4.610053481683987,7.273018494406416,27.910415499710986
333,0.23227215206310664,2.6100534816839867,1.6780719051126378,1.5004289905094885,0.6930740684518844,0.08649152562697364,3.6100534816839867,6.273018494406416,4.610053481683987,6.53605290024021,27.829570481462678
303,0.23227215206310664,2.6100534816839867,2.9510903995190536,1.5004289905094885,0.6930740684518844,0.08649152562697364,3.0766212816029124,5.53605290024021,4.770518153877233,6.273018494406416,27.729621447981266
46,0.23227215206310664,3.273018494406416,1.6780719051126378,1.5004289905094885,0.6930740684518844,0.08649152562697364,3.0766212816029124,5.398549376490275,4.857980995127572,6.857980995127572,27.65448978451884
222,0.23227215206310664,2.6100534816839867,1.6780719051126378,1.5004289905094885,0.6930740684518844,0.08649152562697364,3.728697978182606,4.770518153877233,4.465663572348812,7.857980995127572,27.623252822984302
23,0.23227215206310664,1.857980995127572,3.5360529002402097,1.9631632318196284,0.6930740684518844,0.08649152562697364,3.0766212816029124,5.050626073069968,4.770518153877233,6.273018494406416,27.539818876285903
375,0.23227215206310664,1.857980995127572,1.6780719051126378,1.9631632318196284,0.6930740684518844,0.08649152562697364,3.728697978182606,6.050626073069968,4.68805599368526,6.53605290024021,27.514486823379848
15,0.23227215206310664,1.857980995127572,1.6780719051126378,1.9631632318196284,0.6930740684518844,0.08649152562697364,3.4656635723488116,4.610053481683987,5.050626073069968,7.857980995127572,27.49537800043214
219,0.23227215206310664,1.857980995127572,1.6780719051126378,1.9631632318196284,0.6930740684518844,0.08649152562697364,3.0766212816029124,6.857980995127572,4.770518153877233,6.273018494406416,27.489192803215936
363,0.23227215206310664,2.6100534816839867,1.6780719051126378,1.5004289905094885,0.6930740684518844,0.08649152562697364,3.0766212816029124,6.050626073069968,4.68805599368526,6.857980995127572,27.473676466933792
281,0.23227215206310664,1.857980995127572,1.6780719051126378,1.9631632318196284,0.6930740684518844,0.08649152562697364,3.5725787762653236,6.050626073069968,4.68805599368526,6.53605290024021,27.358367621462566
304,0.23227215206310664,1.857980995127572,1.6780719051126378,1.9631632318196284,0.6930740684518844,0.08649152562697364,3.728697978182606,4.770518153877233,5.050626073069968,7.273018494406416,27.333914577738025
237,0.23227215206310664,2.6100534816839867,1.6780719051126378,1.5004289905094885,0.6930740684518844,0.08649152562697364,3.728697978182606,4.857980995127572,4.610053481683987,7.273018494406416,27.270143072848658
18,0.23227215206310664,1.857980995127572,1.6780719051126378,1.9631632318196284,1.3903754450445747,0.08649152562697364,3.5725787762653236,4.770518153877233,4.68805599368526,6.53605290024021,26.775561078862523
360,0.23227215206310664,1.857980995127572,1.6780719051126378,1.9631632318196284,0.6930740684518844,0.08649152562697364,3.0766212816029124,5.15754127698648,4.857980995127572,6.857980995127572,26.46117842704634
89,0.23227215206310664,1.857980995127572,1.6780719051126378,1.9631632318196284,0.6930740684518844,0.08649152562697364,3.8135868757691185,4.224587724780122,4.398549376490275,7.273018494406416,26.220796349647735
296,0.23227215206310664,1.857980995127572,1.6780719051126378,1.9631632318196284,0.6930740684518844,0.08649152562697364,3.8135868757691185,4.224587724780122,4.398549376490275,7.273018494406416,26.220796349647735
432,0.23227215206310664,1.857980995127572,1.6780719051126378,1.9631632318196284,0.6930740684518844,0.08649152562697364,3.0766212816029124,5.15754127698648,4.53605290024021,6.53605290024021,25.81732223727162
185,7.273018494406416,3.6880559936852597,3.648527629498622,4.15754127698648,0.6930740684518844,0.0,0.0,5.857980995127572,0.0,0.0,25.318198458156235
181,7.273018494406416,3.6880559936852597,1.6780719051126378,4.15754127698648,0.6930740684518844,0.0,0.0,5.398549376490275,0.0,0.0,22.888311115132954
319,0.23227215206310664,3.273018494406416,0.0,1.5004289905094885,0.6930740684518844,4.2141248053528475,0.0,6.857980995127572,0.0,0.0,16.770899505911316
366,0.23227215206310664,3.6880559936852597,2.9510903995190536,4.15754127698648,0.6930740684518844,0.08649152562697364,0.0,4.770518153877233,0.0,0.0,16.57904357020999
191,0.23227215206310664,7.273018494406416,1.6780719051126378,1.5004289905094885,0.6930740684518844,0.08649152562697364,0.0,4.857980995127572,0.0,0.0,16.321338131298077
407,0.23227215206310664,2.554200246950469,2.9510903995190536,2.6880559936852597,0.6930740684518844,0.08649152562697364,0.0,6.050626073069968,0.0,0.0,15.255810459366717
316,0.23227215206310664,2.6100534816839867,0.0,1.5004289905094885,0.6930740684518844,0.08649152562697364,0.0,5.050626073069968,0.0,0.0,10.172946291405408
353,4.103093492964104,0.0,0.0,0.0,0.6930740684518844,0.08649152562697364,0.0,5.273018494406416,0.0,0.0,10.155677581449378
